Workbook

Sheet Commissions
A1: Number | B1: PPC125 | C1: [W1} | D1: Charles | E1: Harry | F1: LightHouse | H1: PPC125 | I1: [W2} | J1: Charles | K1: Harry | L1: LightHouse | N1: PPC125 | O1: [W3} | P1: Charles | Q1: Harry | R1: LightHouse | W1: Totals
A2: 086-52-7928 | B2: =VLOOKUP(A2,'12.2'!A:B,2,FALSE) -> -738.46 | C2: {=_xlfn.IFS( B2=-738.46,"Plan 1600", B2=-646.15,"Plan 1400", B2=-553.85,"Plan 1200", B2=-461.54,"Plan 1000" )} -> Plan 1600 | D2: {=_xlfn.SWITCH($C2,"Plan 1600",15*12/26,"Plan 1400",10*12/26,"Plan 1200",5*12/26,"Plan 1000",1.5*12/26,"")} -> 6.9230769 | E2: {=_xlfn.SWITCH($C2,"Plan 1600",97*12/26,"Plan 1400",78*12/26,"Plan 1200",60*12/26,"Plan 1000",25*12/26,"")} -> 44.769231 | F2: {=_xlfn.SWITCH($C2,"Plan 1600",25*12/26,"Plan 1400",20*12/26,"Plan 1200",15*12/26,"Plan 1000",2*12/26,"")} -> 11.538462 | H2: =VLOOKUP(A2,'12.16'!A:B,2,FALSE) -> -738.46 | I2: {=_xlfn.IFS( H2=-738.46,"Plan 1600", H2=-646.15,"Plan 1400", H2=-553.85,"Plan 1200", H2=-461.54,"Plan 1000" )} -> Plan 1600 | J2: {=_xlfn.SWITCH($I2,"Plan 1600",15*12/26,"Plan 1400",10*12/26,"Plan 1200",5*12/26,"Plan 1000",1.5*12/26,"")} -> 6.9230769 | K2: {=_xlfn.SWITCH($I2,"Plan 1600",97*12/26,"Plan 1400",78*12/26,"Plan 1200",60*12/26,"Plan 1000",25*12/26,"")} -> 44.769231 | L2: {=_xlfn.SWITCH($I2,"Plan 1600",25*12/26,"Plan 1400",20*12/26,"Plan 1200",15*12/26,"Plan 1000",2*12/26,"")} -> 11.538462 | N2: =VLOOKUP(A2,'12.16'!A:B,2,FALSE) -> -738.46 | O2: {=_xlfn.IFS( N2=-738.46,"Plan 1600", N2=-646.15,"Plan 1400", N2=-553.85,"Plan 1200", N2=-461.54,"Plan 1000" )} -> Plan 1600 | P2: {=_xlfn.SWITCH($O2,"Plan 1600",15*12/26,"Plan 1400",10*12/26,"Plan 1200",5*12/26,"Plan 1000",1.5*12/26,"")} -> 6.9230769 | Q2: {=_xlfn.SWITCH($O2,"Plan 1600",97*12/26,"Plan 1400",78*12/26,"Plan 1200",60*12/26,"Plan 1000",25*12/26,"")} -> 44.769231 | R2: {=_xlfn.SWITCH($O2,"Plan 1600",25*12/26,"Plan 1400",20*12/26,"Plan 1200",15*12/26,"Plan 1000",2*12/26,"")} -> 11.538462 | W2: Charles | X2: Harry | Y2: LightHouse
A3: 851-90-6644 | B3: =VLOOKUP(A3,'12.2'!A:B,2,FALSE) -> -738.46 | C3: {=_xlfn.IFS( B3=-738.46,"Plan 1600", B3=-646.15,"Plan 1400", B3=-553.85,"Plan 1200", B3=-461.54,"Plan 1000" )} -> Plan 1600 | D3: {=_xlfn.SWITCH($C3,"Plan 1600",15*12/26,"Plan 1400",10*12/26,"Plan 1200",5*12/26,"Plan 1000",1.5*12/26,"")} -> 6.9230769 | E3: {=_xlfn.SWITCH($C3,"Plan 1600",97*12/26,"Plan 1400",78*12/26,"Plan 1200",60*12/26,"Plan 1000",25*12/26,"")} -> 44.769231 | F3: {=_xlfn.SWITCH($C3,"Plan 1600",25*12/26,"Plan 1400",20*12/26,"Plan 1200",15*12/26,"Plan 1000",2*12/26,"")} -> 11.538462 | H3: =VLOOKUP(A3,'12.16'!A:B,2,FALSE) -> -738.46 | I3: {=_xlfn.IFS( H3=-738.46,"Plan 1600", H3=-646.15,"Plan 1400", H3=-553.85,"Plan 1200", H3=-461.54,"Plan 1000" )} -> Plan 1600 | J3: {=_xlfn.SWITCH($I3,"Plan 1600",15*12/26,"Plan 1400",10*12/26,"Plan 1200",5*12/26,"Plan 1000",1.5*12/26,"")} -> 6.9230769 | K3: {=_xlfn.SWITCH($I3,"Plan 1600",97*12/26,"Plan 1400",78*12/26,"Plan 1200",60*12/26,"Plan 1000",25*12/26,"")} -> 44.769231 | L3: {=_xlfn.SWITCH($I3,"Plan 1600",25*12/26,"Plan 1400",20*12/26,"Plan 1200",15*12/26,"Plan 1000",2*12/26,"")} -> 11.538462 | N3: =VLOOKUP(A3,'12.16'!A:B,2,FALSE) -> -738.46 | O3: {=_xlfn.IFS( N3=-738.46,"Plan 1600", N3=-646.15,"Plan 1400", N3=-553.85,"Plan 1200", N3=-461.54,"Plan 1000" )} -> Plan 1600 | P3: {=_xlfn.SWITCH($O3,"Plan 1600",15*12/26,"Plan 1400",10*12/26,"Plan 1200",5*12/26,"Plan 1000",1.5*12/26,"")} -> 6.9230769 | Q3: {=_xlfn.SWITCH($O3,"Plan 1600",97*12/26,"Plan 1400",78*12/26,"Plan 1200",60*12/26,"Plan 1000",25*12/26,"")} -> 44.769231 | R3: {=_xlfn.SWITCH($O3,"Plan 1600",25*12/26,"Plan 1400",20*12/26,"Plan 1200",15*12/26,"Plan 1000",2*12/26,"")} -> 11.538462 | W3: =D17+J17+P17 -> 91.615385 | X3: =E17+K17+Q17 -> 905.07692 | Y3: =F17+L17+R17 -> 172.15385
A4: 839-74-3523 | B4: =VLOOKUP(A4,'12.2'!A:B,2,FALSE) -> -646.15 | C4: {=_xlfn.IFS( B4=-738.46,"Plan 1600", B4=-646.15,"Plan 1400", B4=-553.85,"Plan 1200", B4=-461.54,"Plan 1000" )} -> Plan 1400 | D4: {=_xlfn.SWITCH($C4,"Plan 1600",15*12/26,"Plan 1400",10*12/26,"Plan 1200",5*12/26,"Plan 1000",1.5*12/26,"")} -> 4.6153846 | E4: {=_xlfn.SWITCH($C4,"Plan 1600",97*12/26,"Plan 1400",78*12/26,"Plan 1200",60*12/26,"Plan 1000",25*12/26,"")} -> 36 | F4: {=_xlfn.SWITCH($C4,"Plan 1600",25*12/26,"Plan 1400",20*12/26,"Plan 1200",15*12/26,"Plan 1000",2*12/26,"")} -> 9.2307692 | H4: =VLOOKUP(A4,'12.16'!A:B,2,FALSE) -> -553.85 | I4: {=_xlfn.IFS( H4=-738.46,"Plan 1600", H4=-646.15,"Plan 1400", H4=-553.85,"Plan 1200", H4=-461.54,"Plan 1000" )} -> Plan 1200 | J4: {=_xlfn.SWITCH($I4,"Plan 1600",15*12/26,"Plan 1400",10*12/26,"Plan 1200",5*12/26,"Plan 1000",1.5*12/26,"")} -> 2.3076923 | K4: {=_xlfn.SWITCH($I4,"Plan 1600",97*12/26,"Plan 1400",78*12/26,"Plan 1200",60*12/26,"Plan 1000",25*12/26,"")} -> 27.692308 | L4: {=_xlfn.SWITCH($I4,"Plan 1600",25*12/26,"Plan 1400",20*12/26,"Plan 1200",15*12/26,"Plan 1000",2*12/26,"")} -> 6.9230769 | N4: =VLOOKUP(A4,'12.16'!A:B,2,FALSE) -> -553.85 | O4: {=_xlfn.IFS( N4=-738.46,"Plan 1600", N4=-646.15,"Plan 1400", N4=-553.85,"Plan 1200", N4=-461.54,"Plan 1000" )} -> Plan 1200 | P4: {=_xlfn.SWITCH($O4,"Plan 1600",15*12/26,"Plan 1400",10*12/26,"Plan 1200",5*12/26,"Plan 1000",1.5*12/26,"")} -> 2.3076923 | Q4: {=_xlfn.SWITCH($O4,"Plan 1600",97*12/26,"Plan 1400",78*12/26,"Plan 1200",60*12/26,"Plan 1000",25*12/26,"")} -> 27.692308 | R4: {=_xlfn.SWITCH($O4,"Plan 1600",25*12/26,"Plan 1400",20*12/26,"Plan 1200",15*12/26,"Plan 1000",2*12/26,"")} -> 6.9230769
A5: 769-22-3601 | B5: =VLOOKUP(A5,'12.2'!A:B,2,FALSE) -> -553.85 | C5: {=_xlfn.IFS( B5=-738.46,"Plan 1600", B5=-646.15,"Plan 1400", B5=-553.85,"Plan 1200", B5=-461.54,"Plan 1000" )} -> Plan 1200 | D5: {=_xlfn.SWITCH($C5,"Plan 1600",15*12/26,"Plan 1400",10*12/26,"Plan 1200",5*12/26,"Plan 1000",1.5*12/26,"")} -> 2.3076923 | E5: {=_xlfn.SWITCH($C5,"Plan 1600",97*12/26,"Plan 1400",78*12/26,"Plan 1200",60*12/26,"Plan 1000",25*12/26,"")} -> 27.692308 | F5: {=_xlfn.SWITCH($C5,"Plan 1600",25*12/26,"Plan 1400",20*12/26,"Plan 1200",15*12/26,"Plan 1000",2*12/26,"")} -> 6.9230769 | H5: =VLOOKUP(A5,'12.16'!A:B,2,FALSE) -> -461.54 | I5: {=_xlfn.IFS( H5=-738.46,"Plan 1600", H5=-646.15,"Plan 1400", H5=-553.85,"Plan 1200", H5=-461.54,"Plan 1000" )} -> Plan 1000 | J5: {=_xlfn.SWITCH($I5,"Plan 1600",15*12/26,"Plan 1400",10*12/26,"Plan 1200",5*12/26,"Plan 1000",1.5*12/26,"")} -> 0.69230769 | K5: {=_xlfn.SWITCH($I5,"Plan 1600",97*12/26,"Plan 1400",78*12/26,"Plan 1200",60*12/26,"Plan 1000",25*12/26,"")} -> 11.538462 | L5: {=_xlfn.SWITCH($I5,"Plan 1600",25*12/26,"Plan 1400",20*12/26,"Plan 1200",15*12/26,"Plan 1000",2*12/26,"")} -> 0.92307692 | N5: =VLOOKUP(A5,'12.16'!A:B,2,FALSE) -> -461.54 | O5: {=_xlfn.IFS( N5=-738.46,"Plan 1600", N5=-646.15,"Plan 1400", N5=-553.85,"Plan 1200", N5=-461.54,"Plan 1000" )} -> Plan 1000 | P5: {=_xlfn.SWITCH($O5,"Plan 1600",15*12/26,"Plan 1400",10*12/26,"Plan 1200",5*12/26,"Plan 1000",1.5*12/26,"")} -> 0.69230769 | Q5: {=_xlfn.SWITCH($O5,"Plan 1600",97*12/26,"Plan 1400",78*12/26,"Plan 1200",60*12/26,"Plan 1000",25*12/26,"")} -> 11.538462 | R5: {=_xlfn.SWITCH($O5,"Plan 1600",25*12/26,"Plan 1400",20*12/26,"Plan 1200",15*12/26,"Plan 1000",2*12/26,"")} -> 0.92307692 | Y5: Agent 1 | Z5: Agent 2
A6: 595-37-7848 | B6: =VLOOKUP(A6,'12.2'!A:B,2,FALSE) -> -461.54 | C6: {=_xlfn.IFS( B6=-738.46,"Plan 1600", B6=-646.15,"Plan 1400", B6=-553.85,"Plan 1200", B6=-461.54,"Plan 1000" )} -> Plan 1000 | D6: {=_xlfn.SWITCH($C6,"Plan 1600",15*12/26,"Plan 1400",10*12/26,"Plan 1200",5*12/26,"Plan 1000",1.5*12/26,"")} -> 0.69230769 | E6: {=_xlfn.SWITCH($C6,"Plan 1600",97*12/26,"Plan 1400",78*12/26,"Plan 1200",60*12/26,"Plan 1000",25*12/26,"")} -> 11.538462 | F6: {=_xlfn.SWITCH($C6,"Plan 1600",25*12/26,"Plan 1400",20*12/26,"Plan 1200",15*12/26,"Plan 1000",2*12/26,"")} -> 0.92307692 | H6: =VLOOKUP(A6,'12.16'!A:B,2,FALSE) -> -461.54 | I6: {=_xlfn.IFS( H6=-738.46,"Plan 1600", H6=-646.15,"Plan 1400", H6=-553.85,"Plan 1200", H6=-461.54,"Plan 1000" )} -> Plan 1000 | J6: {=_xlfn.SWITCH($I6,"Plan 1600",15*12/26,"Plan 1400",10*12/26,"Plan 1200",5*12/26,"Plan 1000",1.5*12/26,"")} -> 0.69230769 | K6: {=_xlfn.SWITCH($I6,"Plan 1600",97*12/26,"Plan 1400",78*12/26,"Plan 1200",60*12/26,"Plan 1000",25*12/26,"")} -> 11.538462 | L6: {=_xlfn.SWITCH($I6,"Plan 1600",25*12/26,"Plan 1400",20*12/26,"Plan 1200",15*12/26,"Plan 1000",2*12/26,"")} -> 0.92307692 | N6: =VLOOKUP(A6,'12.16'!A:B,2,FALSE) -> -461.54 | O6: {=_xlfn.IFS( N6=-738.46,"Plan 1600", N6=-646.15,"Plan 1400", N6=-553.85,"Plan 1200", N6=-461.54,"Plan 1000" )} -> Plan 1000 | P6: {=_xlfn.SWITCH($O6,"Plan 1600",15*12/26,"Plan 1400",10*12/26,"Plan 1200",5*12/26,"Plan 1000",1.5*12/26,"")} -> 0.69230769 | Q6: {=_xlfn.SWITCH($O6,"Plan 1600",97*12/26,"Plan 1400",78*12/26,"Plan 1200",60*12/26,"Plan 1000",25*12/26,"")} -> 11.538462 | R6: {=_xlfn.SWITCH($O6,"Plan 1600",25*12/26,"Plan 1400",20*12/26,"Plan 1200",15*12/26,"Plan 1000",2*12/26,"")} -> 0.92307692 | W6: Plan 1000 Total | X6: {=SUMPRODUCT(--( (ISNUMBER(SEARCH("Plan 1000",C2:C47))+ ISNUMBER(SEARCH("Plan 1000",I2:I47))+ ISNUMBER(SEARCH("Plan 1000",O2:O47)))>0 ))} -> 12 | Y6: =X6*3.34 -> 40.08 | Z6: =X6*3.34 -> 40.08
A7: 262-81-0554 | B7: =VLOOKUP(A7,'12.2'!A:B,2,FALSE) -> -461.54 | C7: {=_xlfn.IFS( B7=-738.46,"Plan 1600", B7=-646.15,"Plan 1400", B7=-553.85,"Plan 1200", B7=-461.54,"Plan 1000" )} -> Plan 1000 | D7: {=_xlfn.SWITCH($C7,"Plan 1600",15*12/26,"Plan 1400",10*12/26,"Plan 1200",5*12/26,"Plan 1000",1.5*12/26,"")} -> 0.69230769 | E7: {=_xlfn.SWITCH($C7,"Plan 1600",97*12/26,"Plan 1400",78*12/26,"Plan 1200",60*12/26,"Plan 1000",25*12/26,"")} -> 11.538462 | F7: {=_xlfn.SWITCH($C7,"Plan 1600",25*12/26,"Plan 1400",20*12/26,"Plan 1200",15*12/26,"Plan 1000",2*12/26,"")} -> 0.92307692 | H7: =VLOOKUP(A7,'12.16'!A:B,2,FALSE) -> -553.85 | I7: {=_xlfn.IFS( H7=-738.46,"Plan 1600", H7=-646.15,"Plan 1400", H7=-553.85,"Plan 1200", H7=-461.54,"Plan 1000" )} -> Plan 1200 | J7: {=_xlfn.SWITCH($I7,"Plan 1600",15*12/26,"Plan 1400",10*12/26,"Plan 1200",5*12/26,"Plan 1000",1.5*12/26,"")} -> 2.3076923 | K7: {=_xlfn.SWITCH($I7,"Plan 1600",97*12/26,"Plan 1400",78*12/26,"Plan 1200",60*12/26,"Plan 1000",25*12/26,"")} -> 27.692308 | L7: {=_xlfn.SWITCH($I7,"Plan 1600",25*12/26,"Plan 1400",20*12/26,"Plan 1200",15*12/26,"Plan 1000",2*12/26,"")} -> 6.9230769 | N7: =VLOOKUP(A7,'12.16'!A:B,2,FALSE) -> -553.85 | O7: {=_xlfn.IFS( N7=-738.46,"Plan 1600", N7=-646.15,"Plan 1400", N7=-553.85,"Plan 1200", N7=-461.54,"Plan 1000" )} -> Plan 1200 | P7: {=_xlfn.SWITCH($O7,"Plan 1600",15*12/26,"Plan 1400",10*12/26,"Plan 1200",5*12/26,"Plan 1000",1.5*12/26,"")} -> 2.3076923 | Q7: {=_xlfn.SWITCH($O7,"Plan 1600",97*12/26,"Plan 1400",78*12/26,"Plan 1200",60*12/26,"Plan 1000",25*12/26,"")} -> 27.692308 | R7: {=_xlfn.SWITCH($O7,"Plan 1600",25*12/26,"Plan 1400",20*12/26,"Plan 1200",15*12/26,"Plan 1000",2*12/26,"")} -> 6.9230769 | W7: Other Plans Total | X7: {=SUMPRODUCT(--( (ISNUMBER(SEARCH("Plan 1000",C2:C47))+ISNUMBER(SEARCH("Plan 1000",I2:I47))+ISNUMBER(SEARCH("Plan 1000",O2:O47))=0)* (ISNUMBER(SEARCH("Plan 1200",C2:C47))+ISNUMBER(SEARCH("Plan 1400",C2:C47))+ISNUMBER(SEARCH("Plan 1600",C2:C47))>0)* (ISNUMBER(SEARCH("Plan 1200",I2:I47))+ISNUMBER(SEARCH("Plan 1400",I2:I47))+ISNUMBER(SEARCH("Plan 1600",I2:I47))>0)* (ISNUMBER(SEARCH("Plan 1200",O2:O47))+ISNUMBER(SEARCH("Plan 1400",O2:O47))+ISNUMBER(SEARCH("Plan 1600",O2:O47))>0) ))} -> 3 | Y7: =X7*5 -> 15 | Z7: =X7*5 -> 15
A8: 766-12-9273 | B8: =VLOOKUP(A8,'12.2'!A:B,2,FALSE) -> -461.54 | C8: {=_xlfn.IFS( B8=-738.46,"Plan 1600", B8=-646.15,"Plan 1400", B8=-553.85,"Plan 1200", B8=-461.54,"Plan 1000" )} -> Plan 1000 | D8: {=_xlfn.SWITCH($C8,"Plan 1600",15*12/26,"Plan 1400",10*12/26,"Plan 1200",5*12/26,"Plan 1000",1.5*12/26,"")} -> 0.69230769 | E8: {=_xlfn.SWITCH($C8,"Plan 1600",97*12/26,"Plan 1400",78*12/26,"Plan 1200",60*12/26,"Plan 1000",25*12/26,"")} -> 11.538462 | F8: {=_xlfn.SWITCH($C8,"Plan 1600",25*12/26,"Plan 1400",20*12/26,"Plan 1200",15*12/26,"Plan 1000",2*12/26,"")} -> 0.92307692 | H8: =VLOOKUP(A8,'12.16'!A:B,2,FALSE) -> -461.54 | I8: {=_xlfn.IFS( H8=-738.46,"Plan 1600", H8=-646.15,"Plan 1400", H8=-553.85,"Plan 1200", H8=-461.54,"Plan 1000" )} -> Plan 1000 | J8: {=_xlfn.SWITCH($I8,"Plan 1600",15*12/26,"Plan 1400",10*12/26,"Plan 1200",5*12/26,"Plan 1000",1.5*12/26,"")} -> 0.69230769 | K8: {=_xlfn.SWITCH($I8,"Plan 1600",97*12/26,"Plan 1400",78*12/26,"Plan 1200",60*12/26,"Plan 1000",25*12/26,"")} -> 11.538462 | L8: {=_xlfn.SWITCH($I8,"Plan 1600",25*12/26,"Plan 1400",20*12/26,"Plan 1200",15*12/26,"Plan 1000",2*12/26,"")} -> 0.92307692 | N8: =VLOOKUP(A8,'12.16'!A:B,2,FALSE) -> -461.54 | O8: {=_xlfn.IFS( N8=-738.46,"Plan 1600", N8=-646.15,"Plan 1400", N8=-553.85,"Plan 1200", N8=-461.54,"Plan 1000" )} -> Plan 1000 | P8: {=_xlfn.SWITCH($O8,"Plan 1600",15*12/26,"Plan 1400",10*12/26,"Plan 1200",5*12/26,"Plan 1000",1.5*12/26,"")} -> 0.69230769 | Q8: {=_xlfn.SWITCH($O8,"Plan 1600",97*12/26,"Plan 1400",78*12/26,"Plan 1200",60*12/26,"Plan 1000",25*12/26,"")} -> 11.538462 | R8: {=_xlfn.SWITCH($O8,"Plan 1600",25*12/26,"Plan 1400",20*12/26,"Plan 1200",15*12/26,"Plan 1000",2*12/26,"")} -> 0.92307692 | Y8: =SUM(Y6:Y7) -> 55.08 | Z8: =SUM(Z6:Z7) -> 55.08 | AA8: =SUM(Y8:Z8) -> 110.16
A9: 264-57-8727 | B9: =VLOOKUP(A9,'12.2'!A:B,2,FALSE) -> -461.54 | C9: {=_xlfn.IFS( B9=-738.46,"Plan 1600", B9=-646.15,"Plan 1400", B9=-553.85,"Plan 1200", B9=-461.54,"Plan 1000" )} -> Plan 1000 | D9: {=_xlfn.SWITCH($C9,"Plan 1600",15*12/26,"Plan 1400",10*12/26,"Plan 1200",5*12/26,"Plan 1000",1.5*12/26,"")} -> 0.69230769 | E9: {=_xlfn.SWITCH($C9,"Plan 1600",97*12/26,"Plan 1400",78*12/26,"Plan 1200",60*12/26,"Plan 1000",25*12/26,"")} -> 11.538462 | F9: {=_xlfn.SWITCH($C9,"Plan 1600",25*12/26,"Plan 1400",20*12/26,"Plan 1200",15*12/26,"Plan 1000",2*12/26,"")} -> 0.92307692 | H9: =VLOOKUP(A9,'12.16'!A:B,2,FALSE) -> -461.54 | I9: {=_xlfn.IFS( H9=-738.46,"Plan 1600", H9=-646.15,"Plan 1400", H9=-553.85,"Plan 1200", H9=-461.54,"Plan 1000" )} -> Plan 1000 | J9: {=_xlfn.SWITCH($I9,"Plan 1600",15*12/26,"Plan 1400",10*12/26,"Plan 1200",5*12/26,"Plan 1000",1.5*12/26,"")} -> 0.69230769 | K9: {=_xlfn.SWITCH($I9,"Plan 1600",97*12/26,"Plan 1400",78*12/26,"Plan 1200",60*12/26,"Plan 1000",25*12/26,"")} -> 11.538462 | L9: {=_xlfn.SWITCH($I9,"Plan 1600",25*12/26,"Plan 1400",20*12/26,"Plan 1200",15*12/26,"Plan 1000",2*12/26,"")} -> 0.92307692 | N9: =VLOOKUP(A9,'12.16'!A:B,2,FALSE) -> -461.54 | O9: {=_xlfn.IFS( N9=-738.46,"Plan 1600", N9=-646.15,"Plan 1400", N9=-553.85,"Plan 1200", N9=-461.54,"Plan 1000" )} -> Plan 1000 | P9: {=_xlfn.SWITCH($O9,"Plan 1600",15*12/26,"Plan 1400",10*12/26,"Plan 1200",5*12/26,"Plan 1000",1.5*12/26,"")} -> 0.69230769 | Q9: {=_xlfn.SWITCH($O9,"Plan 1600",97*12/26,"Plan 1400",78*12/26,"Plan 1200",60*12/26,"Plan 1000",25*12/26,"")} -> 11.538462 | R9: {=_xlfn.SWITCH($O9,"Plan 1600",25*12/26,"Plan 1400",20*12/26,"Plan 1200",15*12/26,"Plan 1000",2*12/26,"")} -> 0.92307692
A10: 396-83-8351 | B10: =VLOOKUP(A10,'12.2'!A:B,2,FALSE) -> -461.54 | C10: {=_xlfn.IFS( B10=-738.46,"Plan 1600", B10=-646.15,"Plan 1400", B10=-553.85,"Plan 1200", B10=-461.54,"Plan 1000" )} -> Plan 1000 | D10: {=_xlfn.SWITCH($C10,"Plan 1600",15*12/26,"Plan 1400",10*12/26,"Plan 1200",5*12/26,"Plan 1000",1.5*12/26,"")} -> 0.69230769 | E10: {=_xlfn.SWITCH($C10,"Plan 1600",97*12/26,"Plan 1400",78*12/26,"Plan 1200",60*12/26,"Plan 1000",25*12/26,"")} -> 11.538462 | F10: {=_xlfn.SWITCH($C10,"Plan 1600",25*12/26,"Plan 1400",20*12/26,"Plan 1200",15*12/26,"Plan 1000",2*12/26,"")} -> 0.92307692 | H10: =VLOOKUP(A10,'12.16'!A:B,2,FALSE) -> -461.54 | I10: {=_xlfn.IFS( H10=-738.46,"Plan 1600", H10=-646.15,"Plan 1400", H10=-553.85,"Plan 1200", H10=-461.54,"Plan 1000" )} -> Plan 1000 | J10: {=_xlfn.SWITCH($I10,"Plan 1600",15*12/26,"Plan 1400",10*12/26,"Plan 1200",5*12/26,"Plan 1000",1.5*12/26,"")} -> 0.69230769 | K10: {=_xlfn.SWITCH($I10,"Plan 1600",97*12/26,"Plan 1400",78*12/26,"Plan 1200",60*12/26,"Plan 1000",25*12/26,"")} -> 11.538462 | L10: {=_xlfn.SWITCH($I10,"Plan 1600",25*12/26,"Plan 1400",20*12/26,"Plan 1200",15*12/26,"Plan 1000",2*12/26,"")} -> 0.92307692 | N10: =VLOOKUP(A10,'12.16'!A:B,2,FALSE) -> -461.54 | O10: {=_xlfn.IFS( N10=-738.46,"Plan 1600", N10=-646.15,"Plan 1400", N10=-553.85,"Plan 1200", N10=-461.54,"Plan 1000" )} -> Plan 1000 | P10: {=_xlfn.SWITCH($O10,"Plan 1600",15*12/26,"Plan 1400",10*12/26,"Plan 1200",5*12/26,"Plan 1000",1.5*12/26,"")} -> 0.69230769 | Q10: {=_xlfn.SWITCH($O10,"Plan 1600",97*12/26,"Plan 1400",78*12/26,"Plan 1200",60*12/26,"Plan 1000",25*12/26,"")} -> 11.538462 | R10: {=_xlfn.SWITCH($O10,"Plan 1600",25*12/26,"Plan 1400",20*12/26,"Plan 1200",15*12/26,"Plan 1000",2*12/26,"")} -> 0.92307692
A11: 590-83-6966 | B11: =VLOOKUP(A11,'12.2'!A:B,2,FALSE) -> -461.54 | C11: {=_xlfn.IFS( B11=-738.46,"Plan 1600", B11=-646.15,"Plan 1400", B11=-553.85,"Plan 1200", B11=-461.54,"Plan 1000" )} -> Plan 1000 | D11: {=_xlfn.SWITCH($C11,"Plan 1600",15*12/26,"Plan 1400",10*12/26,"Plan 1200",5*12/26,"Plan 1000",1.5*12/26,"")} -> 0.69230769 | E11: {=_xlfn.SWITCH($C11,"Plan 1600",97*12/26,"Plan 1400",78*12/26,"Plan 1200",60*12/26,"Plan 1000",25*12/26,"")} -> 11.538462 | F11: {=_xlfn.SWITCH($C11,"Plan 1600",25*12/26,"Plan 1400",20*12/26,"Plan 1200",15*12/26,"Plan 1000",2*12/26,"")} -> 0.92307692 | H11: =VLOOKUP(A11,'12.16'!A:B,2,FALSE) -> -461.54 | I11: {=_xlfn.IFS( H11=-738.46,"Plan 1600", H11=-646.15,"Plan 1400", H11=-553.85,"Plan 1200", H11=-461.54,"Plan 1000" )} -> Plan 1000 | J11: {=_xlfn.SWITCH($I11,"Plan 1600",15*12/26,"Plan 1400",10*12/26,"Plan 1200",5*12/26,"Plan 1000",1.5*12/26,"")} -> 0.69230769 | K11: {=_xlfn.SWITCH($I11,"Plan 1600",97*12/26,"Plan 1400",78*12/26,"Plan 1200",60*12/26,"Plan 1000",25*12/26,"")} -> 11.538462 | L11: {=_xlfn.SWITCH($I11,"Plan 1600",25*12/26,"Plan 1400",20*12/26,"Plan 1200",15*12/26,"Plan 1000",2*12/26,"")} -> 0.92307692 | N11: =VLOOKUP(A11,'12.16'!A:B,2,FALSE) -> -461.54 | O11: {=_xlfn.IFS( N11=-738.46,"Plan 1600", N11=-646.15,"Plan 1400", N11=-553.85,"Plan 1200", N11=-461.54,"Plan 1000" )} -> Plan 1000 | P11: {=_xlfn.SWITCH($O11,"Plan 1600",15*12/26,"Plan 1400",10*12/26,"Plan 1200",5*12/26,"Plan 1000",1.5*12/26,"")} -> 0.69230769 | Q11: {=_xlfn.SWITCH($O11,"Plan 1600",97*12/26,"Plan 1400",78*12/26,"Plan 1200",60*12/26,"Plan 1000",25*12/26,"")} -> 11.538462 | R11: {=_xlfn.SWITCH($O11,"Plan 1600",25*12/26,"Plan 1400",20*12/26,"Plan 1200",15*12/26,"Plan 1000",2*12/26,"")} -> 0.92307692
A12: 591-07-2353 | B12: =VLOOKUP(A12,'12.2'!A:B,2,FALSE) -> -461.54 | C12: {=_xlfn.IFS( B12=-738.46,"Plan 1600", B12=-646.15,"Plan 1400", B12=-553.85,"Plan 1200", B12=-461.54,"Plan 1000" )} -> Plan 1000 | D12: {=_xlfn.SWITCH($C12,"Plan 1600",15*12/26,"Plan 1400",10*12/26,"Plan 1200",5*12/26,"Plan 1000",1.5*12/26,"")} -> 0.69230769 | E12: {=_xlfn.SWITCH($C12,"Plan 1600",97*12/26,"Plan 1400",78*12/26,"Plan 1200",60*12/26,"Plan 1000",25*12/26,"")} -> 11.538462 | F12: {=_xlfn.SWITCH($C12,"Plan 1600",25*12/26,"Plan 1400",20*12/26,"Plan 1200",15*12/26,"Plan 1000",2*12/26,"")} -> 0.92307692 | H12: =VLOOKUP(A12,'12.16'!A:B,2,FALSE) -> -461.54 | I12: {=_xlfn.IFS( H12=-738.46,"Plan 1600", H12=-646.15,"Plan 1400", H12=-553.85,"Plan 1200", H12=-461.54,"Plan 1000" )} -> Plan 1000 | J12: {=_xlfn.SWITCH($I12,"Plan 1600",15*12/26,"Plan 1400",10*12/26,"Plan 1200",5*12/26,"Plan 1000",1.5*12/26,"")} -> 0.69230769 | K12: {=_xlfn.SWITCH($I12,"Plan 1600",97*12/26,"Plan 1400",78*12/26,"Plan 1200",60*12/26,"Plan 1000",25*12/26,"")} -> 11.538462 | L12: {=_xlfn.SWITCH($I12,"Plan 1600",25*12/26,"Plan 1400",20*12/26,"Plan 1200",15*12/26,"Plan 1000",2*12/26,"")} -> 0.92307692 | N12: =VLOOKUP(A12,'12.16'!A:B,2,FALSE) -> -461.54 | O12: {=_xlfn.IFS( N12=-738.46,"Plan 1600", N12=-646.15,"Plan 1400", N12=-553.85,"Plan 1200", N12=-461.54,"Plan 1000" )} -> Plan 1000 | P12: {=_xlfn.SWITCH($O12,"Plan 1600",15*12/26,"Plan 1400",10*12/26,"Plan 1200",5*12/26,"Plan 1000",1.5*12/26,"")} -> 0.69230769 | Q12: {=_xlfn.SWITCH($O12,"Plan 1600",97*12/26,"Plan 1400",78*12/26,"Plan 1200",60*12/26,"Plan 1000",25*12/26,"")} -> 11.538462 | R12: {=_xlfn.SWITCH($O12,"Plan 1600",25*12/26,"Plan 1400",20*12/26,"Plan 1200",15*12/26,"Plan 1000",2*12/26,"")} -> 0.92307692
A13: 767-16-0126 | B13: =VLOOKUP(A13,'12.2'!A:B,2,FALSE) -> -461.54 | C13: {=_xlfn.IFS( B13=-738.46,"Plan 1600", B13=-646.15,"Plan 1400", B13=-553.85,"Plan 1200", B13=-461.54,"Plan 1000" )} -> Plan 1000 | D13: {=_xlfn.SWITCH($C13,"Plan 1600",15*12/26,"Plan 1400",10*12/26,"Plan 1200",5*12/26,"Plan 1000",1.5*12/26,"")} -> 0.69230769 | E13: {=_xlfn.SWITCH($C13,"Plan 1600",97*12/26,"Plan 1400",78*12/26,"Plan 1200",60*12/26,"Plan 1000",25*12/26,"")} -> 11.538462 | F13: {=_xlfn.SWITCH($C13,"Plan 1600",25*12/26,"Plan 1400",20*12/26,"Plan 1200",15*12/26,"Plan 1000",2*12/26,"")} -> 0.92307692 | H13: =VLOOKUP(A13,'12.16'!A:B,2,FALSE) -> -461.54 | I13: {=_xlfn.IFS( H13=-738.46,"Plan 1600", H13=-646.15,"Plan 1400", H13=-553.85,"Plan 1200", H13=-461.54,"Plan 1000" )} -> Plan 1000 | J13: {=_xlfn.SWITCH($I13,"Plan 1600",15*12/26,"Plan 1400",10*12/26,"Plan 1200",5*12/26,"Plan 1000",1.5*12/26,"")} -> 0.69230769 | K13: {=_xlfn.SWITCH($I13,"Plan 1600",97*12/26,"Plan 1400",78*12/26,"Plan 1200",60*12/26,"Plan 1000",25*12/26,"")} -> 11.538462 | L13: {=_xlfn.SWITCH($I13,"Plan 1600",25*12/26,"Plan 1400",20*12/26,"Plan 1200",15*12/26,"Plan 1000",2*12/26,"")} -> 0.92307692 | N13: =VLOOKUP(A13,'12.16'!A:B,2,FALSE) -> -461.54 | O13: {=_xlfn.IFS( N13=-738.46,"Plan 1600", N13=-646.15,"Plan 1400", N13=-553.85,"Plan 1200", N13=-461.54,"Plan 1000" )} -> Plan 1000 | P13: {=_xlfn.SWITCH($O13,"Plan 1600",15*12/26,"Plan 1400",10*12/26,"Plan 1200",5*12/26,"Plan 1000",1.5*12/26,"")} -> 0.69230769 | Q13: {=_xlfn.SWITCH($O13,"Plan 1600",97*12/26,"Plan 1400",78*12/26,"Plan 1200",60*12/26,"Plan 1000",25*12/26,"")} -> 11.538462 | R13: {=_xlfn.SWITCH($O13,"Plan 1600",25*12/26,"Plan 1400",20*12/26,"Plan 1200",15*12/26,"Plan 1000",2*12/26,"")} -> 0.92307692
A14: 051-92-6101 | B14: =VLOOKUP(A14,'12.2'!A:B,2,FALSE) -> -461.54 | C14: {=_xlfn.IFS( B14=-738.46,"Plan 1600", B14=-646.15,"Plan 1400", B14=-553.85,"Plan 1200", B14=-461.54,"Plan 1000" )} -> Plan 1000 | D14: {=_xlfn.SWITCH($C14,"Plan 1600",15*12/26,"Plan 1400",10*12/26,"Plan 1200",5*12/26,"Plan 1000",1.5*12/26,"")} -> 0.69230769 | E14: {=_xlfn.SWITCH($C14,"Plan 1600",97*12/26,"Plan 1400",78*12/26,"Plan 1200",60*12/26,"Plan 1000",25*12/26,"")} -> 11.538462 | F14: {=_xlfn.SWITCH($C14,"Plan 1600",25*12/26,"Plan 1400",20*12/26,"Plan 1200",15*12/26,"Plan 1000",2*12/26,"")} -> 0.92307692 | H14: =VLOOKUP(A14,'12.16'!A:B,2,FALSE) -> -646.15 | I14: {=_xlfn.IFS( H14=-738.46,"Plan 1600", H14=-646.15,"Plan 1400", H14=-553.85,"Plan 1200", H14=-461.54,"Plan 1000" )} -> Plan 1400 | J14: {=_xlfn.SWITCH($I14,"Plan 1600",15*12/26,"Plan 1400",10*12/26,"Plan 1200",5*12/26,"Plan 1000",1.5*12/26,"")} -> 4.6153846 | K14: {=_xlfn.SWITCH($I14,"Plan 1600",97*12/26,"Plan 1400",78*12/26,"Plan 1200",60*12/26,"Plan 1000",25*12/26,"")} -> 36 | L14: {=_xlfn.SWITCH($I14,"Plan 1600",25*12/26,"Plan 1400",20*12/26,"Plan 1200",15*12/26,"Plan 1000",2*12/26,"")} -> 9.2307692 | N14: =VLOOKUP(A14,'12.16'!A:B,2,FALSE) -> -646.15 | O14: {=_xlfn.IFS( N14=-738.46,"Plan 1600", N14=-646.15,"Plan 1400", N14=-553.85,"Plan 1200", N14=-461.54,"Plan 1000" )} -> Plan 1400 | P14: {=_xlfn.SWITCH($O14,"Plan 1600",15*12/26,"Plan 1400",10*12/26,"Plan 1200",5*12/26,"Plan 1000",1.5*12/26,"")} -> 4.6153846 | Q14: {=_xlfn.SWITCH($O14,"Plan 1600",97*12/26,"Plan 1400",78*12/26,"Plan 1200",60*12/26,"Plan 1000",25*12/26,"")} -> 36 | R14: {=_xlfn.SWITCH($O14,"Plan 1600",25*12/26,"Plan 1400",20*12/26,"Plan 1200",15*12/26,"Plan 1000",2*12/26,"")} -> 9.2307692
A15: 590-93-0203 | B15: =VLOOKUP(A15,'12.2'!A:B,2,FALSE) -> -461.54 | C15: {=_xlfn.IFS( B15=-738.46,"Plan 1600", B15=-646.15,"Plan 1400", B15=-553.85,"Plan 1200", B15=-461.54,"Plan 1000" )} -> Plan 1000 | D15: {=_xlfn.SWITCH($C15,"Plan 1600",15*12/26,"Plan 1400",10*12/26,"Plan 1200",5*12/26,"Plan 1000",1.5*12/26,"")} -> 0.69230769 | E15: {=_xlfn.SWITCH($C15,"Plan 1600",97*12/26,"Plan 1400",78*12/26,"Plan 1200",60*12/26,"Plan 1000",25*12/26,"")} -> 11.538462 | F15: {=_xlfn.SWITCH($C15,"Plan 1600",25*12/26,"Plan 1400",20*12/26,"Plan 1200",15*12/26,"Plan 1000",2*12/26,"")} -> 0.92307692 | H15: =VLOOKUP(A15,'12.16'!A:B,2,FALSE) -> -461.54 | I15: {=_xlfn.IFS( H15=-738.46,"Plan 1600", H15=-646.15,"Plan 1400", H15=-553.85,"Plan 1200", H15=-461.54,"Plan 1000" )} -> Plan 1000 | J15: {=_xlfn.SWITCH($I15,"Plan 1600",15*12/26,"Plan 1400",10*12/26,"Plan 1200",5*12/26,"Plan 1000",1.5*12/26,"")} -> 0.69230769 | K15: {=_xlfn.SWITCH($I15,"Plan 1600",97*12/26,"Plan 1400",78*12/26,"Plan 1200",60*12/26,"Plan 1000",25*12/26,"")} -> 11.538462 | L15: {=_xlfn.SWITCH($I15,"Plan 1600",25*12/26,"Plan 1400",20*12/26,"Plan 1200",15*12/26,"Plan 1000",2*12/26,"")} -> 0.92307692 | N15: =VLOOKUP(A15,'12.16'!A:B,2,FALSE) -> -461.54 | O15: {=_xlfn.IFS( N15=-738.46,"Plan 1600", N15=-646.15,"Plan 1400", N15=-553.85,"Plan 1200", N15=-461.54,"Plan 1000" )} -> Plan 1000 | P15: {=_xlfn.SWITCH($O15,"Plan 1600",15*12/26,"Plan 1400",10*12/26,"Plan 1200",5*12/26,"Plan 1000",1.5*12/26,"")} -> 0.69230769 | Q15: {=_xlfn.SWITCH($O15,"Plan 1600",97*12/26,"Plan 1400",78*12/26,"Plan 1200",60*12/26,"Plan 1000",25*12/26,"")} -> 11.538462 | R15: {=_xlfn.SWITCH($O15,"Plan 1600",25*12/26,"Plan 1400",20*12/26,"Plan 1200",15*12/26,"Plan 1000",2*12/26,"")} -> 0.92307692
A16: 297-74-8505 | B16: =VLOOKUP(A16,'12.2'!A:B,2,FALSE) -> -461.54 | C16: {=_xlfn.IFS( B16=-738.46,"Plan 1600", B16=-646.15,"Plan 1400", B16=-553.85,"Plan 1200", B16=-461.54,"Plan 1000" )} -> Plan 1000 | D16: {=_xlfn.SWITCH($C16,"Plan 1600",15*12/26,"Plan 1400",10*12/26,"Plan 1200",5*12/26,"Plan 1000",1.5*12/26,"")} -> 0.69230769 | E16: {=_xlfn.SWITCH($C16,"Plan 1600",97*12/26,"Plan 1400",78*12/26,"Plan 1200",60*12/26,"Plan 1000",25*12/26,"")} -> 11.538462 | F16: {=_xlfn.SWITCH($C16,"Plan 1600",25*12/26,"Plan 1400",20*12/26,"Plan 1200",15*12/26,"Plan 1000",2*12/26,"")} -> 0.92307692 | H16: =VLOOKUP(A16,'12.16'!A:B,2,FALSE) -> -553.85 | I16: {=_xlfn.IFS( H16=-738.46,"Plan 1600", H16=-646.15,"Plan 1400", H16=-553.85,"Plan 1200", H16=-461.54,"Plan 1000" )} -> Plan 1200 | J16: {=_xlfn.SWITCH($I16,"Plan 1600",15*12/26,"Plan 1400",10*12/26,"Plan 1200",5*12/26,"Plan 1000",1.5*12/26,"")} -> 2.3076923 | K16: {=_xlfn.SWITCH($I16,"Plan 1600",97*12/26,"Plan 1400",78*12/26,"Plan 1200",60*12/26,"Plan 1000",25*12/26,"")} -> 27.692308 | L16: {=_xlfn.SWITCH($I16,"Plan 1600",25*12/26,"Plan 1400",20*12/26,"Plan 1200",15*12/26,"Plan 1000",2*12/26,"")} -> 6.9230769 | N16: =VLOOKUP(A16,'12.16'!A:B,2,FALSE) -> -553.85 | O16: {=_xlfn.IFS( N16=-738.46,"Plan 1600", N16=-646.15,"Plan 1400", N16=-553.85,"Plan 1200", N16=-461.54,"Plan 1000" )} -> Plan 1200 | P16: {=_xlfn.SWITCH($O16,"Plan 1600",15*12/26,"Plan 1400",10*12/26,"Plan 1200",5*12/26,"Plan 1000",1.5*12/26,"")} -> 2.3076923 | Q16: {=_xlfn.SWITCH($O16,"Plan 1600",97*12/26,"Plan 1400",78*12/26,"Plan 1200",60*12/26,"Plan 1000",25*12/26,"")} -> 27.692308 | R16: {=_xlfn.SWITCH($O16,"Plan 1600",25*12/26,"Plan 1400",20*12/26,"Plan 1200",15*12/26,"Plan 1000",2*12/26,"")} -> 6.9230769
D17: =SUM(D2:D16) -> 28.384615 | E17: =SUM(E2:E16) -> 280.15385 | F17: =SUM(F2:F16) -> 49.384615 | J17: =SUM(J2:J16) -> 31.615385 | K17: =SUM(K2:K16) -> 312.46154 | L17: =SUM(L2:L16) -> 61.384615 | P17: =SUM(P2:P16) -> 31.615385 | Q17: =SUM(Q2:Q16) -> 312.46154 | R17: =SUM(R2:R16) -> 61.384615

Sheet Unpaid
A1: Number | B1: PPC125
A2: 267-83-1907 | B2: =VLOOKUP(A2,'12.2'!A:B,2,FALSE) -> 0 | C2: {=_xlfn.IFS( B2=-738.46,"Plan 1600", B2=-646.15,"Plan 1400", B2=-553.85,"Plan 1200", B2=-461.54,"Plan 1000" )} -> #N/A | D2: {=_xlfn.SWITCH($C2,"Plan 1600",15*12/26,"Plan 1400",10*12/26,"Plan 1200",5*12/26,"Plan 1000",1.5*12/26,"")} -> #N/A | E2: {=_xlfn.SWITCH($C2,"Plan 1600",97*12/26,"Plan 1400",78*12/26,"Plan 1200",60*12/26,"Plan 1000",25*12/26,"")} -> #N/A | F2: {=_xlfn.SWITCH($C2,"Plan 1600",25*12/26,"Plan 1400",20*12/26,"Plan 1200",15*12/26,"Plan 1000",2*12/26,"")} -> #N/A | H2: =VLOOKUP(A2,'12.16'!A:B,2,FALSE) -> 0 | I2: {=_xlfn.IFS( H2=-738.46,"Plan 1600", H2=-646.15,"Plan 1400", H2=-553.85,"Plan 1200", H2=-461.54,"Plan 1000" )} -> #N/A | J2: {=_xlfn.SWITCH($I2,"Plan 1600",15*12/26,"Plan 1400",10*12/26,"Plan 1200",5*12/26,"Plan 1000",1.5*12/26,"")} -> #N/A | K2: {=_xlfn.SWITCH($I2,"Plan 1600",97*12/26,"Plan 1400",78*12/26,"Plan 1200",60*12/26,"Plan 1000",25*12/26,"")} -> #N/A | L2: {=_xlfn.SWITCH($I2,"Plan 1600",25*12/26,"Plan 1400",20*12/26,"Plan 1200",15*12/26,"Plan 1000",2*12/26,"")} -> #N/A | N2: =VLOOKUP(A2,'12.30'!G:H,2,FALSE) -> #N/A | O2: {=_xlfn.IFS( N2=-738.46,"Plan 1600", N2=-646.15,"Plan 1400", N2=-553.85,"Plan 1200", N2=-461.54,"Plan 1000" )} -> #N/A | P2: {=_xlfn.SWITCH($I2,"Plan 1600",15*12/26,"Plan 1400",10*12/26,"Plan 1200",5*12/26,"Plan 1000",1.5*12/26,"")} -> #N/A | Q2: {=_xlfn.SWITCH($I2,"Plan 1600",97*12/26,"Plan 1400",78*12/26,"Plan 1200",60*12/26,"Plan 1000",25*12/26,"")} -> #N/A | R2: {=_xlfn.SWITCH($I2,"Plan 1600",25*12/26,"Plan 1400",20*12/26,"Plan 1200",15*12/26,"Plan 1000",2*12/26,"")} -> #N/A
A3: 261-79-7585 | B3: =VLOOKUP(A3,'12.2'!A:B,2,FALSE) -> 0 | C3: {=_xlfn.IFS( B3=-738.46,"Plan 1600", B3=-646.15,"Plan 1400", B3=-553.85,"Plan 1200", B3=-461.54,"Plan 1000" )} -> #N/A | D3: {=_xlfn.SWITCH($C3,"Plan 1600",15*12/26,"Plan 1400",10*12/26,"Plan 1200",5*12/26,"Plan 1000",1.5*12/26,"")} -> #N/A | E3: {=_xlfn.SWITCH($C3,"Plan 1600",97*12/26,"Plan 1400",78*12/26,"Plan 1200",60*12/26,"Plan 1000",25*12/26,"")} -> #N/A | F3: {=_xlfn.SWITCH($C3,"Plan 1600",25*12/26,"Plan 1400",20*12/26,"Plan 1200",15*12/26,"Plan 1000",2*12/26,"")} -> #N/A | H3: =VLOOKUP(A3,'12.16'!A:B,2,FALSE) -> 0 | I3: {=_xlfn.IFS( H3=-738.46,"Plan 1600", H3=-646.15,"Plan 1400", H3=-553.85,"Plan 1200", H3=-461.54,"Plan 1000" )} -> #N/A | J3: {=_xlfn.SWITCH($I3,"Plan 1600",15*12/26,"Plan 1400",10*12/26,"Plan 1200",5*12/26,"Plan 1000",1.5*12/26,"")} -> #N/A | K3: {=_xlfn.SWITCH($I3,"Plan 1600",97*12/26,"Plan 1400",78*12/26,"Plan 1200",60*12/26,"Plan 1000",25*12/26,"")} -> #N/A | L3: {=_xlfn.SWITCH($I3,"Plan 1600",25*12/26,"Plan 1400",20*12/26,"Plan 1200",15*12/26,"Plan 1000",2*12/26,"")} -> #N/A | N3: =VLOOKUP(A3,'12.30'!G:H,2,FALSE) -> #N/A | O3: {=_xlfn.IFS( N3=-738.46,"Plan 1600", N3=-646.15,"Plan 1400", N3=-553.85,"Plan 1200", N3=-461.54,"Plan 1000" )} -> #N/A | P3: {=_xlfn.SWITCH($I3,"Plan 1600",15*12/26,"Plan 1400",10*12/26,"Plan 1200",5*12/26,"Plan 1000",1.5*12/26,"")} -> #N/A | Q3: {=_xlfn.SWITCH($I3,"Plan 1600",97*12/26,"Plan 1400",78*12/26,"Plan 1200",60*12/26,"Plan 1000",25*12/26,"")} -> #N/A | R3: {=_xlfn.SWITCH($I3,"Plan 1600",25*12/26,"Plan 1400",20*12/26,"Plan 1200",15*12/26,"Plan 1000",2*12/26,"")} -> #N/A
A4: 263-51-1157 | B4: =VLOOKUP(A4,'12.2'!A:B,2,FALSE) -> 0 | C4: {=_xlfn.IFS( B4=-738.46,"Plan 1600", B4=-646.15,"Plan 1400", B4=-553.85,"Plan 1200", B4=-461.54,"Plan 1000" )} -> #N/A | D4: {=_xlfn.SWITCH($C4,"Plan 1600",15*12/26,"Plan 1400",10*12/26,"Plan 1200",5*12/26,"Plan 1000",1.5*12/26,"")} -> #N/A | E4: {=_xlfn.SWITCH($C4,"Plan 1600",97*12/26,"Plan 1400",78*12/26,"Plan 1200",60*12/26,"Plan 1000",25*12/26,"")} -> #N/A | F4: {=_xlfn.SWITCH($C4,"Plan 1600",25*12/26,"Plan 1400",20*12/26,"Plan 1200",15*12/26,"Plan 1000",2*12/26,"")} -> #N/A | H4: =VLOOKUP(A4,'12.16'!A:B,2,FALSE) -> -461.54 | I4: {=_xlfn.IFS( H4=-738.46,"Plan 1600", H4=-646.15,"Plan 1400", H4=-553.85,"Plan 1200", H4=-461.54,"Plan 1000" )} -> Plan 1000 | J4: {=_xlfn.SWITCH($I4,"Plan 1600",15*12/26,"Plan 1400",10*12/26,"Plan 1200",5*12/26,"Plan 1000",1.5*12/26,"")} -> 0.69230769 | K4: {=_xlfn.SWITCH($I4,"Plan 1600",97*12/26,"Plan 1400",78*12/26,"Plan 1200",60*12/26,"Plan 1000",25*12/26,"")} -> 11.538462 | L4: {=_xlfn.SWITCH($I4,"Plan 1600",25*12/26,"Plan 1400",20*12/26,"Plan 1200",15*12/26,"Plan 1000",2*12/26,"")} -> 0.92307692 | N4: =VLOOKUP(A4,'12.30'!G:H,2,FALSE) -> #N/A | O4: {=_xlfn.IFS( N4=-738.46,"Plan 1600", N4=-646.15,"Plan 1400", N4=-553.85,"Plan 1200", N4=-461.54,"Plan 1000" )} -> #N/A | P4: {=_xlfn.SWITCH($I4,"Plan 1600",15*12/26,"Plan 1400",10*12/26,"Plan 1200",5*12/26,"Plan 1000",1.5*12/26,"")} -> 0.69230769 | Q4: {=_xlfn.SWITCH($I4,"Plan 1600",97*12/26,"Plan 1400",78*12/26,"Plan 1200",60*12/26,"Plan 1000",25*12/26,"")} -> 11.538462 | R4: {=_xlfn.SWITCH($I4,"Plan 1600",25*12/26,"Plan 1400",20*12/26,"Plan 1200",15*12/26,"Plan 1000",2*12/26,"")} -> 0.92307692
A5: 264-59-3525 | B5: =VLOOKUP(A5,'12.2'!A:B,2,FALSE) -> 0 | C5: {=_xlfn.IFS( B5=-738.46,"Plan 1600", B5=-646.15,"Plan 1400", B5=-553.85,"Plan 1200", B5=-461.54,"Plan 1000" )} -> #N/A | D5: {=_xlfn.SWITCH($C5,"Plan 1600",15*12/26,"Plan 1400",10*12/26,"Plan 1200",5*12/26,"Plan 1000",1.5*12/26,"")} -> #N/A | E5: {=_xlfn.SWITCH($C5,"Plan 1600",97*12/26,"Plan 1400",78*12/26,"Plan 1200",60*12/26,"Plan 1000",25*12/26,"")} -> #N/A | F5: {=_xlfn.SWITCH($C5,"Plan 1600",25*12/26,"Plan 1400",20*12/26,"Plan 1200",15*12/26,"Plan 1000",2*12/26,"")} -> #N/A | H5: =VLOOKUP(A5,'12.16'!A:B,2,FALSE) -> 0 | I5: {=_xlfn.IFS( H5=-738.46,"Plan 1600", H5=-646.15,"Plan 1400", H5=-553.85,"Plan 1200", H5=-461.54,"Plan 1000" )} -> #N/A | J5: {=_xlfn.SWITCH($I5,"Plan 1600",15*12/26,"Plan 1400",10*12/26,"Plan 1200",5*12/26,"Plan 1000",1.5*12/26,"")} -> #N/A | K5: {=_xlfn.SWITCH($I5,"Plan 1600",97*12/26,"Plan 1400",78*12/26,"Plan 1200",60*12/26,"Plan 1000",25*12/26,"")} -> #N/A | L5: {=_xlfn.SWITCH($I5,"Plan 1600",25*12/26,"Plan 1400",20*12/26,"Plan 1200",15*12/26,"Plan 1000",2*12/26,"")} -> #N/A | N5: =VLOOKUP(A5,'12.30'!G:H,2,FALSE) -> #N/A | O5: {=_xlfn.IFS( N5=-738.46,"Plan 1600", N5=-646.15,"Plan 1400", N5=-553.85,"Plan 1200", N5=-461.54,"Plan 1000" )} -> #N/A | P5: {=_xlfn.SWITCH($I5,"Plan 1600",15*12/26,"Plan 1400",10*12/26,"Plan 1200",5*12/26,"Plan 1000",1.5*12/26,"")} -> #N/A | Q5: {=_xlfn.SWITCH($I5,"Plan 1600",97*12/26,"Plan 1400",78*12/26,"Plan 1200",60*12/26,"Plan 1000",25*12/26,"")} -> #N/A | R5: {=_xlfn.SWITCH($I5,"Plan 1600",25*12/26,"Plan 1400",20*12/26,"Plan 1200",15*12/26,"Plan 1000",2*12/26,"")} -> #N/A
A6: 590-09-2317 | B6: =VLOOKUP(A6,'12.2'!A:B,2,FALSE) -> 0 | C6: {=_xlfn.IFS( B6=-738.46,"Plan 1600", B6=-646.15,"Plan 1400", B6=-553.85,"Plan 1200", B6=-461.54,"Plan 1000" )} -> #N/A | D6: {=_xlfn.SWITCH($C6,"Plan 1600",15*12/26,"Plan 1400",10*12/26,"Plan 1200",5*12/26,"Plan 1000",1.5*12/26,"")} -> #N/A | E6: {=_xlfn.SWITCH($C6,"Plan 1600",97*12/26,"Plan 1400",78*12/26,"Plan 1200",60*12/26,"Plan 1000",25*12/26,"")} -> #N/A | F6: {=_xlfn.SWITCH($C6,"Plan 1600",25*12/26,"Plan 1400",20*12/26,"Plan 1200",15*12/26,"Plan 1000",2*12/26,"")} -> #N/A | H6: =VLOOKUP(A6,'12.16'!A:B,2,FALSE) -> 0 | I6: {=_xlfn.IFS( H6=-738.46,"Plan 1600", H6=-646.15,"Plan 1400", H6=-553.85,"Plan 1200", H6=-461.54,"Plan 1000" )} -> #N/A | J6: {=_xlfn.SWITCH($I6,"Plan 1600",15*12/26,"Plan 1400",10*12/26,"Plan 1200",5*12/26,"Plan 1000",1.5*12/26,"")} -> #N/A | K6: {=_xlfn.SWITCH($I6,"Plan 1600",97*12/26,"Plan 1400",78*12/26,"Plan 1200",60*12/26,"Plan 1000",25*12/26,"")} -> #N/A | L6: {=_xlfn.SWITCH($I6,"Plan 1600",25*12/26,"Plan 1400",20*12/26,"Plan 1200",15*12/26,"Plan 1000",2*12/26,"")} -> #N/A | N6: =VLOOKUP(A6,'12.30'!G:H,2,FALSE) -> #N/A | O6: {=_xlfn.IFS( N6=-738.46,"Plan 1600", N6=-646.15,"Plan 1400", N6=-553.85,"Plan 1200", N6=-461.54,"Plan 1000" )} -> #N/A | P6: {=_xlfn.SWITCH($I6,"Plan 1600",15*12/26,"Plan 1400",10*12/26,"Plan 1200",5*12/26,"Plan 1000",1.5*12/26,"")} -> #N/A | Q6: {=_xlfn.SWITCH($I6,"Plan 1600",97*12/26,"Plan 1400",78*12/26,"Plan 1200",60*12/26,"Plan 1000",25*12/26,"")} -> #N/A | R6: {=_xlfn.SWITCH($I6,"Plan 1600",25*12/26,"Plan 1400",20*12/26,"Plan 1200",15*12/26,"Plan 1000",2*12/26,"")} -> #N/A
A7: 266-63-5235 | B7: =VLOOKUP(A7,'12.2'!A:B,2,FALSE) -> 0 | C7: {=_xlfn.IFS( B7=-738.46,"Plan 1600", B7=-646.15,"Plan 1400", B7=-553.85,"Plan 1200", B7=-461.54,"Plan 1000" )} -> #N/A | D7: {=_xlfn.SWITCH($C7,"Plan 1600",15*12/26,"Plan 1400",10*12/26,"Plan 1200",5*12/26,"Plan 1000",1.5*12/26,"")} -> #N/A | E7: {=_xlfn.SWITCH($C7,"Plan 1600",97*12/26,"Plan 1400",78*12/26,"Plan 1200",60*12/26,"Plan 1000",25*12/26,"")} -> #N/A | F7: {=_xlfn.SWITCH($C7,"Plan 1600",25*12/26,"Plan 1400",20*12/26,"Plan 1200",15*12/26,"Plan 1000",2*12/26,"")} -> #N/A | H7: =VLOOKUP(A7,'12.16'!A:B,2,FALSE) -> 0 | I7: {=_xlfn.IFS( H7=-738.46,"Plan 1600", H7=-646.15,"Plan 1400", H7=-553.85,"Plan 1200", H7=-461.54,"Plan 1000" )} -> #N/A | J7: {=_xlfn.SWITCH($I7,"Plan 1600",15*12/26,"Plan 1400",10*12/26,"Plan 1200",5*12/26,"Plan 1000",1.5*12/26,"")} -> #N/A | K7: {=_xlfn.SWITCH($I7,"Plan 1600",97*12/26,"Plan 1400",78*12/26,"Plan 1200",60*12/26,"Plan 1000",25*12/26,"")} -> #N/A | L7: {=_xlfn.SWITCH($I7,"Plan 1600",25*12/26,"Plan 1400",20*12/26,"Plan 1200",15*12/26,"Plan 1000",2*12/26,"")} -> #N/A | N7: =VLOOKUP(A7,'12.30'!G:H,2,FALSE) -> #N/A | O7: {=_xlfn.IFS( N7=-738.46,"Plan 1600", N7=-646.15,"Plan 1400", N7=-553.85,"Plan 1200", N7=-461.54,"Plan 1000" )} -> #N/A | P7: {=_xlfn.SWITCH($I7,"Plan 1600",15*12/26,"Plan 1400",10*12/26,"Plan 1200",5*12/26,"Plan 1000",1.5*12/26,"")} -> #N/A | Q7: {=_xlfn.SWITCH($I7,"Plan 1600",97*12/26,"Plan 1400",78*12/26,"Plan 1200",60*12/26,"Plan 1000",25*12/26,"")} -> #N/A | R7: {=_xlfn.SWITCH($I7,"Plan 1600",25*12/26,"Plan 1400",20*12/26,"Plan 1200",15*12/26,"Plan 1000",2*12/26,"")} -> #N/A
A8: 589-38-6647 | B8: =VLOOKUP(A8,'12.2'!A:B,2,FALSE) -> 0 | C8: {=_xlfn.IFS( B8=-738.46,"Plan 1600", B8=-646.15,"Plan 1400", B8=-553.85,"Plan 1200", B8=-461.54,"Plan 1000" )} -> #N/A | D8: {=_xlfn.SWITCH($C8,"Plan 1600",15*12/26,"Plan 1400",10*12/26,"Plan 1200",5*12/26,"Plan 1000",1.5*12/26,"")} -> #N/A | E8: {=_xlfn.SWITCH($C8,"Plan 1600",97*12/26,"Plan 1400",78*12/26,"Plan 1200",60*12/26,"Plan 1000",25*12/26,"")} -> #N/A | F8: {=_xlfn.SWITCH($C8,"Plan 1600",25*12/26,"Plan 1400",20*12/26,"Plan 1200",15*12/26,"Plan 1000",2*12/26,"")} -> #N/A | H8: =VLOOKUP(A8,'12.16'!A:B,2,FALSE) -> 0 | I8: {=_xlfn.IFS( H8=-738.46,"Plan 1600", H8=-646.15,"Plan 1400", H8=-553.85,"Plan 1200", H8=-461.54,"Plan 1000" )} -> #N/A | J8: {=_xlfn.SWITCH($I8,"Plan 1600",15*12/26,"Plan 1400",10*12/26,"Plan 1200",5*12/26,"Plan 1000",1.5*12/26,"")} -> #N/A | K8: {=_xlfn.SWITCH($I8,"Plan 1600",97*12/26,"Plan 1400",78*12/26,"Plan 1200",60*12/26,"Plan 1000",25*12/26,"")} -> #N/A | L8: {=_xlfn.SWITCH($I8,"Plan 1600",25*12/26,"Plan 1400",20*12/26,"Plan 1200",15*12/26,"Plan 1000",2*12/26,"")} -> #N/A | N8: =VLOOKUP(A8,'12.30'!G:H,2,FALSE) -> #N/A | O8: {=_xlfn.IFS( N8=-738.46,"Plan 1600", N8=-646.15,"Plan 1400", N8=-553.85,"Plan 1200", N8=-461.54,"Plan 1000" )} -> #N/A | P8: {=_xlfn.SWITCH($I8,"Plan 1600",15*12/26,"Plan 1400",10*12/26,"Plan 1200",5*12/26,"Plan 1000",1.5*12/26,"")} -> #N/A | Q8: {=_xlfn.SWITCH($I8,"Plan 1600",97*12/26,"Plan 1400",78*12/26,"Plan 1200",60*12/26,"Plan 1000",25*12/26,"")} -> #N/A | R8: {=_xlfn.SWITCH($I8,"Plan 1600",25*12/26,"Plan 1400",20*12/26,"Plan 1200",15*12/26,"Plan 1000",2*12/26,"")} -> #N/A
A9: 182-56-0207 | B9: =VLOOKUP(A9,'12.2'!A:B,2,FALSE) -> 0 | C9: {=_xlfn.IFS( B9=-738.46,"Plan 1600", B9=-646.15,"Plan 1400", B9=-553.85,"Plan 1200", B9=-461.54,"Plan 1000" )} -> #N/A | D9: {=_xlfn.SWITCH($C9,"Plan 1600",15*12/26,"Plan 1400",10*12/26,"Plan 1200",5*12/26,"Plan 1000",1.5*12/26,"")} -> #N/A | E9: {=_xlfn.SWITCH($C9,"Plan 1600",97*12/26,"Plan 1400",78*12/26,"Plan 1200",60*12/26,"Plan 1000",25*12/26,"")} -> #N/A | F9: {=_xlfn.SWITCH($C9,"Plan 1600",25*12/26,"Plan 1400",20*12/26,"Plan 1200",15*12/26,"Plan 1000",2*12/26,"")} -> #N/A | H9: =VLOOKUP(A9,'12.16'!A:B,2,FALSE) -> 0 | I9: {=_xlfn.IFS( H9=-738.46,"Plan 1600", H9=-646.15,"Plan 1400", H9=-553.85,"Plan 1200", H9=-461.54,"Plan 1000" )} -> #N/A | J9: {=_xlfn.SWITCH($I9,"Plan 1600",15*12/26,"Plan 1400",10*12/26,"Plan 1200",5*12/26,"Plan 1000",1.5*12/26,"")} -> #N/A | K9: {=_xlfn.SWITCH($I9,"Plan 1600",97*12/26,"Plan 1400",78*12/26,"Plan 1200",60*12/26,"Plan 1000",25*12/26,"")} -> #N/A | L9: {=_xlfn.SWITCH($I9,"Plan 1600",25*12/26,"Plan 1400",20*12/26,"Plan 1200",15*12/26,"Plan 1000",2*12/26,"")} -> #N/A | N9: =VLOOKUP(A9,'12.30'!G:H,2,FALSE) -> #N/A | O9: {=_xlfn.IFS( N9=-738.46,"Plan 1600", N9=-646.15,"Plan 1400", N9=-553.85,"Plan 1200", N9=-461.54,"Plan 1000" )} -> #N/A | P9: {=_xlfn.SWITCH($I9,"Plan 1600",15*12/26,"Plan 1400",10*12/26,"Plan 1200",5*12/26,"Plan 1000",1.5*12/26,"")} -> #N/A | Q9: {=_xlfn.SWITCH($I9,"Plan 1600",97*12/26,"Plan 1400",78*12/26,"Plan 1200",60*12/26,"Plan 1000",25*12/26,"")} -> #N/A | R9: {=_xlfn.SWITCH($I9,"Plan 1600",25*12/26,"Plan 1400",20*12/26,"Plan 1200",15*12/26,"Plan 1000",2*12/26,"")} -> #N/A
A10: 589-23-6142 | B10: =VLOOKUP(A10,'12.2'!A:B,2,FALSE) -> 0 | C10: {=_xlfn.IFS( B10=-738.46,"Plan 1600", B10=-646.15,"Plan 1400", B10=-553.85,"Plan 1200", B10=-461.54,"Plan 1000" )} -> #N/A | D10: {=_xlfn.SWITCH($C10,"Plan 1600",15*12/26,"Plan 1400",10*12/26,"Plan 1200",5*12/26,"Plan 1000",1.5*12/26,"")} -> #N/A | E10: {=_xlfn.SWITCH($C10,"Plan 1600",97*12/26,"Plan 1400",78*12/26,"Plan 1200",60*12/26,"Plan 1000",25*12/26,"")} -> #N/A | F10: {=_xlfn.SWITCH($C10,"Plan 1600",25*12/26,"Plan 1400",20*12/26,"Plan 1200",15*12/26,"Plan 1000",2*12/26,"")} -> #N/A | H10: =VLOOKUP(A10,'12.16'!A:B,2,FALSE) -> 0 | I10: {=_xlfn.IFS( H10=-738.46,"Plan 1600", H10=-646.15,"Plan 1400", H10=-553.85,"Plan 1200", H10=-461.54,"Plan 1000" )} -> #N/A | J10: {=_xlfn.SWITCH($I10,"Plan 1600",15*12/26,"Plan 1400",10*12/26,"Plan 1200",5*12/26,"Plan 1000",1.5*12/26,"")} -> #N/A | K10: {=_xlfn.SWITCH($I10,"Plan 1600",97*12/26,"Plan 1400",78*12/26,"Plan 1200",60*12/26,"Plan 1000",25*12/26,"")} -> #N/A | L10: {=_xlfn.SWITCH($I10,"Plan 1600",25*12/26,"Plan 1400",20*12/26,"Plan 1200",15*12/26,"Plan 1000",2*12/26,"")} -> #N/A | N10: =VLOOKUP(A10,'12.30'!G:H,2,FALSE) -> #N/A | O10: {=_xlfn.IFS( N10=-738.46,"Plan 1600", N10=-646.15,"Plan 1400", N10=-553.85,"Plan 1200", N10=-461.54,"Plan 1000" )} -> #N/A | P10: {=_xlfn.SWITCH($I10,"Plan 1600",15*12/26,"Plan 1400",10*12/26,"Plan 1200",5*12/26,"Plan 1000",1.5*12/26,"")} -> #N/A | Q10: {=_xlfn.SWITCH($I10,"Plan 1600",97*12/26,"Plan 1400",78*12/26,"Plan 1200",60*12/26,"Plan 1000",25*12/26,"")} -> #N/A | R10: {=_xlfn.SWITCH($I10,"Plan 1600",25*12/26,"Plan 1400",20*12/26,"Plan 1200",15*12/26,"Plan 1000",2*12/26,"")} -> #N/A
A11: 673-28-9066 | B11: =VLOOKUP(A11,'12.2'!A:B,2,FALSE) -> 0 | C11: {=_xlfn.IFS( B11=-738.46,"Plan 1600", B11=-646.15,"Plan 1400", B11=-553.85,"Plan 1200", B11=-461.54,"Plan 1000" )} -> #N/A | D11: {=_xlfn.SWITCH($C11,"Plan 1600",15*12/26,"Plan 1400",10*12/26,"Plan 1200",5*12/26,"Plan 1000",1.5*12/26,"")} -> #N/A | E11: {=_xlfn.SWITCH($C11,"Plan 1600",97*12/26,"Plan 1400",78*12/26,"Plan 1200",60*12/26,"Plan 1000",25*12/26,"")} -> #N/A | F11: {=_xlfn.SWITCH($C11,"Plan 1600",25*12/26,"Plan 1400",20*12/26,"Plan 1200",15*12/26,"Plan 1000",2*12/26,"")} -> #N/A | H11: =VLOOKUP(A11,'12.16'!A:B,2,FALSE) -> 0 | I11: {=_xlfn.IFS( H11=-738.46,"Plan 1600", H11=-646.15,"Plan 1400", H11=-553.85,"Plan 1200", H11=-461.54,"Plan 1000" )} -> #N/A | J11: {=_xlfn.SWITCH($I11,"Plan 1600",15*12/26,"Plan 1400",10*12/26,"Plan 1200",5*12/26,"Plan 1000",1.5*12/26,"")} -> #N/A | K11: {=_xlfn.SWITCH($I11,"Plan 1600",97*12/26,"Plan 1400",78*12/26,"Plan 1200",60*12/26,"Plan 1000",25*12/26,"")} -> #N/A | L11: {=_xlfn.SWITCH($I11,"Plan 1600",25*12/26,"Plan 1400",20*12/26,"Plan 1200",15*12/26,"Plan 1000",2*12/26,"")} -> #N/A | N11: =VLOOKUP(A11,'12.30'!G:H,2,FALSE) -> #N/A | O11: {=_xlfn.IFS( N11=-738.46,"Plan 1600", N11=-646.15,"Plan 1400", N11=-553.85,"Plan 1200", N11=-461.54,"Plan 1000" )} -> #N/A | P11: {=_xlfn.SWITCH($I11,"Plan 1600",15*12/26,"Plan 1400",10*12/26,"Plan 1200",5*12/26,"Plan 1000",1.5*12/26,"")} -> #N/A | Q11: {=_xlfn.SWITCH($I11,"Plan 1600",97*12/26,"Plan 1400",78*12/26,"Plan 1200",60*12/26,"Plan 1000",25*12/26,"")} -> #N/A | R11: {=_xlfn.SWITCH($I11,"Plan 1600",25*12/26,"Plan 1400",20*12/26,"Plan 1200",15*12/26,"Plan 1000",2*12/26,"")} -> #N/A
A12: 590-75-5901 | B12: =VLOOKUP(A12,'12.2'!A:B,2,FALSE) -> 0 | C12: {=_xlfn.IFS( B12=-738.46,"Plan 1600", B12=-646.15,"Plan 1400", B12=-553.85,"Plan 1200", B12=-461.54,"Plan 1000" )} -> #N/A | D12: {=_xlfn.SWITCH($C12,"Plan 1600",15*12/26,"Plan 1400",10*12/26,"Plan 1200",5*12/26,"Plan 1000",1.5*12/26,"")} -> #N/A | E12: {=_xlfn.SWITCH($C12,"Plan 1600",97*12/26,"Plan 1400",78*12/26,"Plan 1200",60*12/26,"Plan 1000",25*12/26,"")} -> #N/A | F12: {=_xlfn.SWITCH($C12,"Plan 1600",25*12/26,"Plan 1400",20*12/26,"Plan 1200",15*12/26,"Plan 1000",2*12/26,"")} -> #N/A | H12: =VLOOKUP(A12,'12.16'!A:B,2,FALSE) -> 0 | I12: {=_xlfn.IFS( H12=-738.46,"Plan 1600", H12=-646.15,"Plan 1400", H12=-553.85,"Plan 1200", H12=-461.54,"Plan 1000" )} -> #N/A | J12: {=_xlfn.SWITCH($I12,"Plan 1600",15*12/26,"Plan 1400",10*12/26,"Plan 1200",5*12/26,"Plan 1000",1.5*12/26,"")} -> #N/A | K12: {=_xlfn.SWITCH($I12,"Plan 1600",97*12/26,"Plan 1400",78*12/26,"Plan 1200",60*12/26,"Plan 1000",25*12/26,"")} -> #N/A | L12: {=_xlfn.SWITCH($I12,"Plan 1600",25*12/26,"Plan 1400",20*12/26,"Plan 1200",15*12/26,"Plan 1000",2*12/26,"")} -> #N/A | N12: =VLOOKUP(A12,'12.30'!G:H,2,FALSE) -> #N/A | O12: {=_xlfn.IFS( N12=-738.46,"Plan 1600", N12=-646.15,"Plan 1400", N12=-553.85,"Plan 1200", N12=-461.54,"Plan 1000" )} -> #N/A | P12: {=_xlfn.SWITCH($I12,"Plan 1600",15*12/26,"Plan 1400",10*12/26,"Plan 1200",5*12/26,"Plan 1000",1.5*12/26,"")} -> #N/A | Q12: {=_xlfn.SWITCH($I12,"Plan 1600",97*12/26,"Plan 1400",78*12/26,"Plan 1200",60*12/26,"Plan 1000",25*12/26,"")} -> #N/A | R12: {=_xlfn.SWITCH($I12,"Plan 1600",25*12/26,"Plan 1400",20*12/26,"Plan 1200",15*12/26,"Plan 1000",2*12/26,"")} -> #N/A
A13: 263-77-6888 | B13: =VLOOKUP(A13,'12.2'!A:B,2,FALSE) -> 0 | C13: {=_xlfn.IFS( B13=-738.46,"Plan 1600", B13=-646.15,"Plan 1400", B13=-553.85,"Plan 1200", B13=-461.54,"Plan 1000" )} -> #N/A | D13: {=_xlfn.SWITCH($C13,"Plan 1600",15*12/26,"Plan 1400",10*12/26,"Plan 1200",5*12/26,"Plan 1000",1.5*12/26,"")} -> #N/A | E13: {=_xlfn.SWITCH($C13,"Plan 1600",97*12/26,"Plan 1400",78*12/26,"Plan 1200",60*12/26,"Plan 1000",25*12/26,"")} -> #N/A | F13: {=_xlfn.SWITCH($C13,"Plan 1600",25*12/26,"Plan 1400",20*12/26,"Plan 1200",15*12/26,"Plan 1000",2*12/26,"")} -> #N/A | H13: =VLOOKUP(A13,'12.16'!A:B,2,FALSE) -> -461.54 | I13: {=_xlfn.IFS( H13=-738.46,"Plan 1600", H13=-646.15,"Plan 1400", H13=-553.85,"Plan 1200", H13=-461.54,"Plan 1000" )} -> Plan 1000 | J13: {=_xlfn.SWITCH($I13,"Plan 1600",15*12/26,"Plan 1400",10*12/26,"Plan 1200",5*12/26,"Plan 1000",1.5*12/26,"")} -> 0.69230769 | K13: {=_xlfn.SWITCH($I13,"Plan 1600",97*12/26,"Plan 1400",78*12/26,"Plan 1200",60*12/26,"Plan 1000",25*12/26,"")} -> 11.538462 | L13: {=_xlfn.SWITCH($I13,"Plan 1600",25*12/26,"Plan 1400",20*12/26,"Plan 1200",15*12/26,"Plan 1000",2*12/26,"")} -> 0.92307692 | N13: =VLOOKUP(A13,'12.30'!G:H,2,FALSE) -> #N/A | O13: {=_xlfn.IFS( N13=-738.46,"Plan 1600", N13=-646.15,"Plan 1400", N13=-553.85,"Plan 1200", N13=-461.54,"Plan 1000" )} -> #N/A | P13: {=_xlfn.SWITCH($I13,"Plan 1600",15*12/26,"Plan 1400",10*12/26,"Plan 1200",5*12/26,"Plan 1000",1.5*12/26,"")} -> 0.69230769 | Q13: {=_xlfn.SWITCH($I13,"Plan 1600",97*12/26,"Plan 1400",78*12/26,"Plan 1200",60*12/26,"Plan 1000",25*12/26,"")} -> 11.538462 | R13: {=_xlfn.SWITCH($I13,"Plan 1600",25*12/26,"Plan 1400",20*12/26,"Plan 1200",15*12/26,"Plan 1000",2*12/26,"")} -> 0.92307692
... A15: 594-55-2970 | B15: =VLOOKUP(A15,'12.2'!A:B,2,FALSE) -> #N/A | C15: {=_xlfn.IFS( B15=-738.46,"Plan 1600", B15=-646.15,"Plan 1400", B15=-553.85,"Plan 1200", B15=-461.54,"Plan 1000" )} -> #N/A | D15: {=_xlfn.SWITCH($C15,"Plan 1600",15*12/26,"Plan 1400",10*12/26,"Plan 1200",5*12/26,"Plan 1000",1.5*12/26,"")} -> #N/A | E15: {=_xlfn.SWITCH($C15,"Plan 1600",97*12/26,"Plan 1400",78*12/26,"Plan 1200",60*12/26,"Plan 1000",25*12/26,"")} -> #N/A | F15: {=_xlfn.SWITCH($C15,"Plan 1600",25*12/26,"Plan 1400",20*12/26,"Plan 1200",15*12/26,"Plan 1000",2*12/26,"")} -> #N/A | H15: =VLOOKUP(A15,'12.16'!A:B,2,FALSE) -> #N/A | I15: {=_xlfn.IFS( H15=-738.46,"Plan 1600", H15=-646.15,"Plan 1400", H15=-553.85,"Plan 1200", H15=-461.54,"Plan 1000" )} -> #N/A | J15: {=_xlfn.SWITCH($I15,"Plan 1600",15*12/26,"Plan 1400",10*12/26,"Plan 1200",5*12/26,"Plan 1000",1.5*12/26,"")} -> #N/A | K15: {=_xlfn.SWITCH($I15,"Plan 1600",97*12/26,"Plan 1400",78*12/26,"Plan 1200",60*12/26,"Plan 1000",25*12/26,"")} -> #N/A | L15: {=_xlfn.SWITCH($I15,"Plan 1600",25*12/26,"Plan 1400",20*12/26,"Plan 1200",15*12/26,"Plan 1000",2*12/26,"")} -> #N/A | N15: =VLOOKUP(A15,'12.30'!G:H,2,FALSE) -> #N/A | O15: {=_xlfn.IFS( N15=-738.46,"Plan 1600", N15=-646.15,"Plan 1400", N15=-553.85,"Plan 1200", N15=-461.54,"Plan 1000" )} -> #N/A | P15: {=_xlfn.SWITCH($I15,"Plan 1600",15*12/26,"Plan 1400",10*12/26,"Plan 1200",5*12/26,"Plan 1000",1.5*12/26,"")} -> #N/A | Q15: {=_xlfn.SWITCH($I15,"Plan 1600",97*12/26,"Plan 1400",78*12/26,"Plan 1200",60*12/26,"Plan 1000",25*12/26,"")} -> #N/A | R15: {=_xlfn.SWITCH($I15,"Plan 1600",25*12/26,"Plan 1400",20*12/26,"Plan 1200",15*12/26,"Plan 1000",2*12/26,"")} -> #N/A

Sheet 12.2
A1: SSN | B1: D-ppc 125
A2: 267-83-1907
A3: 595-37-7848 | B3: -461.54
A4: 262-81-0554 | B4: -461.54
A5: 766-12-9273 | B5: -461.54
A6: 261-79-7585
A7: 263-51-1157
A8: 264-59-3525
A9: 590-09-2317
A10: 769-22-3601 | B10: -553.85
A11: 266-63-5235
A12: 086-52-7928 | B12: -738.46
A13: 589-38-6647
A14: 264-57-8727 | B14: -461.54
A15: 182-56-0207
A16: 851-90-6644 | B16: -738.46
A17: 839-74-3523 | B17: -646.15
A18: 396-83-8351 | B18: -461.54
A19: 590-83-6966 | B19: -461.54
A20: 591-07-2353 | B20: -461.54
A21: 589-23-6142
A22: 767-16-0126 | B22: -461.54
A23: 051-92-6101 | B23: -461.54
A24: 590-93-0203 | B24: -461.54
A25: 297-74-8505 | B25: -461.54
A26: 673-28-9066
A27: 590-75-5901
A28: 263-77-6888
A29: 770-34-1424
B30: -7,753.86

Sheet 12.16
A1: SSN | B1: D-ppc 125
A2: 267-83-1907
A3: 595-37-7848 | B3: -461.54
A4: 262-81-0554 | B4: -553.85
A5: 766-12-9273 | B5: -461.54
A6: 261-79-7585
A7: 263-51-1157 | B7: -461.54
A8: 264-59-3525
A9: 590-09-2317
A10: 769-22-3601 | B10: -461.54
A11: 266-63-5235
A12: 086-52-7928 | B12: -738.46
A13: 589-38-6647
A14: 264-57-8727 | B14: -461.54
A15: 182-56-0207
A16: 851-90-6644 | B16: -738.46
A17: 839-74-3523 | B17: -553.85
A18: 396-83-8351 | B18: -461.54
A19: 590-83-6966 | B19: -461.54
A20: 591-07-2353 | B20: -461.54
A21: 589-23-6142
A22: 767-16-0126 | B22: -461.54
A23: 051-92-6101 | B23: -646.15
A24: 590-93-0203 | B24: -461.54
A25: 297-74-8505 | B25: -553.85
A26: 673-28-9066
A27: 590-75-5901
A28: 263-77-6888 | B28: -461.54
A29: 770-34-1424
B30: -8,861.56

Sheet 12.30
A1: SSN | B1: D-ppc 125
A2: 267-83-1907
A3: 595-37-7848 | B3: -461.54
A4: 262-81-0554 | B4: -553.85
A5: 766-12-9273 | B5: -461.54
A6: 261-79-7585
A7: 263-51-1157 | B7: -461.54
A8: 264-59-3525
A9: 590-09-2317
A10: 769-22-3601 | B10: -646.15
A11: 266-63-5235
A12: 086-52-7928 | B12: -738.46
A13: 589-38-6647
A14: 264-57-8727 | B14: -461.54
A15: 182-56-0207
A16: 851-90-6644 | B16: -553.85
A17: 839-74-3523 | B17: -553.85
A18: 396-83-8351 | B18: -461.54
A19: 590-83-6966 | B19: -461.54
A20: 591-07-2353 | B20: -461.54
A21: 589-23-6142
A22: 767-16-0126 | B22: -461.54
A23: 051-92-6101 | B23: -646.15
A24: 590-93-0203 | B24: -461.54
A25: 297-74-8505 | B25: -461.54
A26: 673-28-9066
A27: 590-75-5901
A28: 263-77-6888 | B28: -461.54
A29: 770-34-1424
A30: 594-55-2970
B31: -8,769.25
