Workbook

Sheet Commissions
A1: Number | B1: PPC125 | C1: [W1} | D1: Charles | E1: Harry | F1: LightHouse | H1: PPC125 | I1: [W2} | J1: Charles | K1: Harry | L1: LightHouse | N1: PPC125 | O1: [W3} | P1: Charles | Q1: Harry | R1: LightHouse | T1: PPC125 | U1: [W4} | V1: Charles | W1: Harry | X1: LightHouse | AA1: Totals
A2: 116-90-8923 | B2: =VLOOKUP(A2,'W1'!A:B,2,FALSE) -> -230.77 | C2: {=_xlfn.IFS( B2=-369.23,"Plan 1600", B2=-323.08,"Plan 1400", B2=-276.92,"Plan 1200", B2=-230.77,"Plan 1000" )} -> Plan 1000 | D2: {=_xlfn.SWITCH($C2,"Plan 1600",15*12/52,"Plan 1400",10*12/52,"Plan 1200",5*12/52,"Plan 1000",1.5*12/52,"")} -> 0.34615385 | E2: {=_xlfn.SWITCH($C2,"Plan 1600",97*12/52,"Plan 1400",78*12/52,"Plan 1200",60*12/52,"Plan 1000",25*12/52,"")} -> 5.7692308 | F2: {=_xlfn.SWITCH($C2,"Plan 1600",25*12/52,"Plan 1400",20*12/52,"Plan 1200",15*12/52,"Plan 1000",2*12/52,"")} -> 0.46153846 | H2: =VLOOKUP(A2,'W2'!A:B,2,FALSE) -> -230.77 | I2: {=_xlfn.IFS( H2=-369.23,"Plan 1600", H2=-323.08,"Plan 1400", H2=-276.92,"Plan 1200", H2=-230.77,"Plan 1000" )} -> Plan 1000 | J2: {=_xlfn.SWITCH($I2,"Plan 1600",15*12/52,"Plan 1400",10*12/52,"Plan 1200",5*12/52,"Plan 1000",1.5*12/52,"")} -> 0.34615385 | K2: {=_xlfn.SWITCH($I2,"Plan 1600",97*12/52,"Plan 1400",78*12/52,"Plan 1200",60*12/52,"Plan 1000",25*12/52,"")} -> 5.7692308 | L2: {=_xlfn.SWITCH($I2,"Plan 1600",25*12/52,"Plan 1400",20*12/52,"Plan 1200",15*12/52,"Plan 1000",2*12/52,"")} -> 0.46153846 | N2: =VLOOKUP(A2,'W3'!A:B,2,FALSE) -> -369.23 | O2: {=_xlfn.IFS( N2=-369.23,"Plan 1600", N2=-323.08,"Plan 1400", N2=-276.92,"Plan 1200", N2=-230.77,"Plan 1000" )} -> Plan 1600 | P2: {=_xlfn.SWITCH($O2,"Plan 1600",15*12/52,"Plan 1400",10*12/52,"Plan 1200",5*12/52,"Plan 1000",1.5*12/52,"")} -> 3.4615385 | Q2: {=_xlfn.SWITCH($O2,"Plan 1600",97*12/52,"Plan 1400",78*12/52,"Plan 1200",60*12/52,"Plan 1000",25*12/52,"")} -> 22.384615 | R2: {=_xlfn.SWITCH($O2,"Plan 1600",25*12/52,"Plan 1400",20*12/52,"Plan 1200",15*12/52,"Plan 1000",2*12/52,"")} -> 5.7692308 | T2: =VLOOKUP(A2,'W4'!A:B,2,FALSE) -> -369.23 | U2: {=_xlfn.IFS( T2=-369.23,"Plan 1600", T2=-323.08,"Plan 1400", T2=-276.92,"Plan 1200", T2=-230.77,"Plan 1000" )} -> Plan 1600 | V2: {=_xlfn.SWITCH($U2,"Plan 1600",15*12/52,"Plan 1400",10*12/52,"Plan 1200",5*12/52,"Plan 1000",1.5*12/52,"")} -> 3.4615385 | W2: {=_xlfn.SWITCH($U2,"Plan 1600",97*12/52,"Plan 1400",78*12/52,"Plan 1200",60*12/52,"Plan 1000",25*12/52,"")} -> 22.384615 | X2: {=_xlfn.SWITCH($U2,"Plan 1600",25*12/52,"Plan 1400",20*12/52,"Plan 1200",15*12/52,"Plan 1000",2*12/52,"")} -> 5.7692308 | AA2: Charles | AB2: Harry | AC2: LightHouse
A3: 109-88-8332 | B3: =VLOOKUP(A3,'W1'!A:B,2,FALSE) -> -369.23 | C3: {=_xlfn.IFS( B3=-369.23,"Plan 1600", B3=-323.08,"Plan 1400", B3=-276.92,"Plan 1200", B3=-230.77,"Plan 1000" )} -> Plan 1600 | D3: {=_xlfn.SWITCH($C3,"Plan 1600",15*12/52,"Plan 1400",10*12/52,"Plan 1200",5*12/52,"Plan 1000",1.5*12/52,"")} -> 3.4615385 | E3: {=_xlfn.SWITCH($C3,"Plan 1600",97*12/52,"Plan 1400",78*12/52,"Plan 1200",60*12/52,"Plan 1000",25*12/52,"")} -> 22.384615 | F3: {=_xlfn.SWITCH($C3,"Plan 1600",25*12/52,"Plan 1400",20*12/52,"Plan 1200",15*12/52,"Plan 1000",2*12/52,"")} -> 5.7692308 | H3: =VLOOKUP(A3,'W2'!A:B,2,FALSE) -> -369.23 | I3: {=_xlfn.IFS( H3=-369.23,"Plan 1600", H3=-323.08,"Plan 1400", H3=-276.92,"Plan 1200", H3=-230.77,"Plan 1000" )} -> Plan 1600 | J3: {=_xlfn.SWITCH($I3,"Plan 1600",15*12/52,"Plan 1400",10*12/52,"Plan 1200",5*12/52,"Plan 1000",1.5*12/52,"")} -> 3.4615385 | K3: {=_xlfn.SWITCH($I3,"Plan 1600",97*12/52,"Plan 1400",78*12/52,"Plan 1200",60*12/52,"Plan 1000",25*12/52,"")} -> 22.384615 | L3: {=_xlfn.SWITCH($I3,"Plan 1600",25*12/52,"Plan 1400",20*12/52,"Plan 1200",15*12/52,"Plan 1000",2*12/52,"")} -> 5.7692308 | N3: =VLOOKUP(A3,'W3'!A:B,2,FALSE) -> -369.23 | O3: {=_xlfn.IFS( N3=-369.23,"Plan 1600", N3=-323.08,"Plan 1400", N3=-276.92,"Plan 1200", N3=-230.77,"Plan 1000" )} -> Plan 1600 | P3: {=_xlfn.SWITCH($O3,"Plan 1600",15*12/52,"Plan 1400",10*12/52,"Plan 1200",5*12/52,"Plan 1000",1.5*12/52,"")} -> 3.4615385 | Q3: {=_xlfn.SWITCH($O3,"Plan 1600",97*12/52,"Plan 1400",78*12/52,"Plan 1200",60*12/52,"Plan 1000",25*12/52,"")} -> 22.384615 | R3: {=_xlfn.SWITCH($O3,"Plan 1600",25*12/52,"Plan 1400",20*12/52,"Plan 1200",15*12/52,"Plan 1000",2*12/52,"")} -> 5.7692308 | T3: =VLOOKUP(A3,'W4'!A:B,2,FALSE) -> -369.23 | U3: {=_xlfn.IFS( T3=-369.23,"Plan 1600", T3=-323.08,"Plan 1400", T3=-276.92,"Plan 1200", T3=-230.77,"Plan 1000" )} -> Plan 1600 | V3: {=_xlfn.SWITCH($U3,"Plan 1600",15*12/52,"Plan 1400",10*12/52,"Plan 1200",5*12/52,"Plan 1000",1.5*12/52,"")} -> 3.4615385 | W3: {=_xlfn.SWITCH($U3,"Plan 1600",97*12/52,"Plan 1400",78*12/52,"Plan 1200",60*12/52,"Plan 1000",25*12/52,"")} -> 22.384615 | X3: {=_xlfn.SWITCH($U3,"Plan 1600",25*12/52,"Plan 1400",20*12/52,"Plan 1200",15*12/52,"Plan 1000",2*12/52,"")} -> 5.7692308 | AA3: =D7+J7+P7+V7 -> 63 | AB3: =E7+K7+Q7+W7 -> 414.46154 | AC3: =F7+L7+R7+X7 -> 104.76923
A4: 879-36-0268 | B4: =VLOOKUP(A4,'W1'!A:B,2,FALSE) -> -369.23 | C4: {=_xlfn.IFS( B4=-369.23,"Plan 1600", B4=-323.08,"Plan 1400", B4=-276.92,"Plan 1200", B4=-230.77,"Plan 1000" )} -> Plan 1600 | D4: {=_xlfn.SWITCH($C4,"Plan 1600",15*12/52,"Plan 1400",10*12/52,"Plan 1200",5*12/52,"Plan 1000",1.5*12/52,"")} -> 3.4615385 | E4: {=_xlfn.SWITCH($C4,"Plan 1600",97*12/52,"Plan 1400",78*12/52,"Plan 1200",60*12/52,"Plan 1000",25*12/52,"")} -> 22.384615 | F4: {=_xlfn.SWITCH($C4,"Plan 1600",25*12/52,"Plan 1400",20*12/52,"Plan 1200",15*12/52,"Plan 1000",2*12/52,"")} -> 5.7692308 | H4: =VLOOKUP(A4,'W2'!A:B,2,FALSE) -> -369.23 | I4: {=_xlfn.IFS( H4=-369.23,"Plan 1600", H4=-323.08,"Plan 1400", H4=-276.92,"Plan 1200", H4=-230.77,"Plan 1000" )} -> Plan 1600 | J4: {=_xlfn.SWITCH($I4,"Plan 1600",15*12/52,"Plan 1400",10*12/52,"Plan 1200",5*12/52,"Plan 1000",1.5*12/52,"")} -> 3.4615385 | K4: {=_xlfn.SWITCH($I4,"Plan 1600",97*12/52,"Plan 1400",78*12/52,"Plan 1200",60*12/52,"Plan 1000",25*12/52,"")} -> 22.384615 | L4: {=_xlfn.SWITCH($I4,"Plan 1600",25*12/52,"Plan 1400",20*12/52,"Plan 1200",15*12/52,"Plan 1000",2*12/52,"")} -> 5.7692308 | N4: =VLOOKUP(A4,'W3'!A:B,2,FALSE) -> -369.23 | O4: {=_xlfn.IFS( N4=-369.23,"Plan 1600", N4=-323.08,"Plan 1400", N4=-276.92,"Plan 1200", N4=-230.77,"Plan 1000" )} -> Plan 1600 | P4: {=_xlfn.SWITCH($O4,"Plan 1600",15*12/52,"Plan 1400",10*12/52,"Plan 1200",5*12/52,"Plan 1000",1.5*12/52,"")} -> 3.4615385 | Q4: {=_xlfn.SWITCH($O4,"Plan 1600",97*12/52,"Plan 1400",78*12/52,"Plan 1200",60*12/52,"Plan 1000",25*12/52,"")} -> 22.384615 | R4: {=_xlfn.SWITCH($O4,"Plan 1600",25*12/52,"Plan 1400",20*12/52,"Plan 1200",15*12/52,"Plan 1000",2*12/52,"")} -> 5.7692308 | T4: =VLOOKUP(A4,'W4'!A:B,2,FALSE) -> -369.23 | U4: {=_xlfn.IFS( T4=-369.23,"Plan 1600", T4=-323.08,"Plan 1400", T4=-276.92,"Plan 1200", T4=-230.77,"Plan 1000" )} -> Plan 1600 | V4: {=_xlfn.SWITCH($U4,"Plan 1600",15*12/52,"Plan 1400",10*12/52,"Plan 1200",5*12/52,"Plan 1000",1.5*12/52,"")} -> 3.4615385 | W4: {=_xlfn.SWITCH($U4,"Plan 1600",97*12/52,"Plan 1400",78*12/52,"Plan 1200",60*12/52,"Plan 1000",25*12/52,"")} -> 22.384615 | X4: {=_xlfn.SWITCH($U4,"Plan 1600",25*12/52,"Plan 1400",20*12/52,"Plan 1200",15*12/52,"Plan 1000",2*12/52,"")} -> 5.7692308
A5: 095-76-8367 | B5: =VLOOKUP(A5,'W1'!A:B,2,FALSE) -> -369.23 | C5: {=_xlfn.IFS( B5=-369.23,"Plan 1600", B5=-323.08,"Plan 1400", B5=-276.92,"Plan 1200", B5=-230.77,"Plan 1000" )} -> Plan 1600 | D5: {=_xlfn.SWITCH($C5,"Plan 1600",15*12/52,"Plan 1400",10*12/52,"Plan 1200",5*12/52,"Plan 1000",1.5*12/52,"")} -> 3.4615385 | E5: {=_xlfn.SWITCH($C5,"Plan 1600",97*12/52,"Plan 1400",78*12/52,"Plan 1200",60*12/52,"Plan 1000",25*12/52,"")} -> 22.384615 | F5: {=_xlfn.SWITCH($C5,"Plan 1600",25*12/52,"Plan 1400",20*12/52,"Plan 1200",15*12/52,"Plan 1000",2*12/52,"")} -> 5.7692308 | H5: =VLOOKUP(A5,'W2'!A:B,2,FALSE) -> -369.23 | I5: {=_xlfn.IFS( H5=-369.23,"Plan 1600", H5=-323.08,"Plan 1400", H5=-276.92,"Plan 1200", H5=-230.77,"Plan 1000" )} -> Plan 1600 | J5: {=_xlfn.SWITCH($I5,"Plan 1600",15*12/52,"Plan 1400",10*12/52,"Plan 1200",5*12/52,"Plan 1000",1.5*12/52,"")} -> 3.4615385 | K5: {=_xlfn.SWITCH($I5,"Plan 1600",97*12/52,"Plan 1400",78*12/52,"Plan 1200",60*12/52,"Plan 1000",25*12/52,"")} -> 22.384615 | L5: {=_xlfn.SWITCH($I5,"Plan 1600",25*12/52,"Plan 1400",20*12/52,"Plan 1200",15*12/52,"Plan 1000",2*12/52,"")} -> 5.7692308 | N5: =VLOOKUP(A5,'W3'!A:B,2,FALSE) -> -369.23 | O5: {=_xlfn.IFS( N5=-369.23,"Plan 1600", N5=-323.08,"Plan 1400", N5=-276.92,"Plan 1200", N5=-230.77,"Plan 1000" )} -> Plan 1600 | P5: {=_xlfn.SWITCH($O5,"Plan 1600",15*12/52,"Plan 1400",10*12/52,"Plan 1200",5*12/52,"Plan 1000",1.5*12/52,"")} -> 3.4615385 | Q5: {=_xlfn.SWITCH($O5,"Plan 1600",97*12/52,"Plan 1400",78*12/52,"Plan 1200",60*12/52,"Plan 1000",25*12/52,"")} -> 22.384615 | R5: {=_xlfn.SWITCH($O5,"Plan 1600",25*12/52,"Plan 1400",20*12/52,"Plan 1200",15*12/52,"Plan 1000",2*12/52,"")} -> 5.7692308 | T5: =VLOOKUP(A5,'W4'!A:B,2,FALSE) -> -369.23 | U5: {=_xlfn.IFS( T5=-369.23,"Plan 1600", T5=-323.08,"Plan 1400", T5=-276.92,"Plan 1200", T5=-230.77,"Plan 1000" )} -> Plan 1600 | V5: {=_xlfn.SWITCH($U5,"Plan 1600",15*12/52,"Plan 1400",10*12/52,"Plan 1200",5*12/52,"Plan 1000",1.5*12/52,"")} -> 3.4615385 | W5: {=_xlfn.SWITCH($U5,"Plan 1600",97*12/52,"Plan 1400",78*12/52,"Plan 1200",60*12/52,"Plan 1000",25*12/52,"")} -> 22.384615 | X5: {=_xlfn.SWITCH($U5,"Plan 1600",25*12/52,"Plan 1400",20*12/52,"Plan 1200",15*12/52,"Plan 1000",2*12/52,"")} -> 5.7692308 | AB5: Agent 1 | AC5: Agent 2
A6: 080-92-8181 | B6: =VLOOKUP(A6,'W1'!A:B,2,FALSE) -> -369.23 | C6: {=_xlfn.IFS( B6=-369.23,"Plan 1600", B6=-323.08,"Plan 1400", B6=-276.92,"Plan 1200", B6=-230.77,"Plan 1000" )} -> Plan 1600 | D6: {=_xlfn.SWITCH($C6,"Plan 1600",15*12/52,"Plan 1400",10*12/52,"Plan 1200",5*12/52,"Plan 1000",1.5*12/52,"")} -> 3.4615385 | E6: {=_xlfn.SWITCH($C6,"Plan 1600",97*12/52,"Plan 1400",78*12/52,"Plan 1200",60*12/52,"Plan 1000",25*12/52,"")} -> 22.384615 | F6: {=_xlfn.SWITCH($C6,"Plan 1600",25*12/52,"Plan 1400",20*12/52,"Plan 1200",15*12/52,"Plan 1000",2*12/52,"")} -> 5.7692308 | H6: =VLOOKUP(A6,'W2'!A:B,2,FALSE) -> -369.23 | I6: {=_xlfn.IFS( H6=-369.23,"Plan 1600", H6=-323.08,"Plan 1400", H6=-276.92,"Plan 1200", H6=-230.77,"Plan 1000" )} -> Plan 1600 | J6: {=_xlfn.SWITCH($I6,"Plan 1600",15*12/52,"Plan 1400",10*12/52,"Plan 1200",5*12/52,"Plan 1000",1.5*12/52,"")} -> 3.4615385 | K6: {=_xlfn.SWITCH($I6,"Plan 1600",97*12/52,"Plan 1400",78*12/52,"Plan 1200",60*12/52,"Plan 1000",25*12/52,"")} -> 22.384615 | L6: {=_xlfn.SWITCH($I6,"Plan 1600",25*12/52,"Plan 1400",20*12/52,"Plan 1200",15*12/52,"Plan 1000",2*12/52,"")} -> 5.7692308 | N6: =VLOOKUP(A6,'W3'!A:B,2,FALSE) -> -369.23 | O6: {=_xlfn.IFS( N6=-369.23,"Plan 1600", N6=-323.08,"Plan 1400", N6=-276.92,"Plan 1200", N6=-230.77,"Plan 1000" )} -> Plan 1600 | P6: {=_xlfn.SWITCH($O6,"Plan 1600",15*12/52,"Plan 1400",10*12/52,"Plan 1200",5*12/52,"Plan 1000",1.5*12/52,"")} -> 3.4615385 | Q6: {=_xlfn.SWITCH($O6,"Plan 1600",97*12/52,"Plan 1400",78*12/52,"Plan 1200",60*12/52,"Plan 1000",25*12/52,"")} -> 22.384615 | R6: {=_xlfn.SWITCH($O6,"Plan 1600",25*12/52,"Plan 1400",20*12/52,"Plan 1200",15*12/52,"Plan 1000",2*12/52,"")} -> 5.7692308 | T6: =VLOOKUP(A6,'W4'!A:B,2,FALSE) -> -369.23 | U6: {=_xlfn.IFS( T6=-369.23,"Plan 1600", T6=-323.08,"Plan 1400", T6=-276.92,"Plan 1200", T6=-230.77,"Plan 1000" )} -> Plan 1600 | V6: {=_xlfn.SWITCH($U6,"Plan 1600",15*12/52,"Plan 1400",10*12/52,"Plan 1200",5*12/52,"Plan 1000",1.5*12/52,"")} -> 3.4615385 | W6: {=_xlfn.SWITCH($U6,"Plan 1600",97*12/52,"Plan 1400",78*12/52,"Plan 1200",60*12/52,"Plan 1000",25*12/52,"")} -> 22.384615 | X6: {=_xlfn.SWITCH($U6,"Plan 1600",25*12/52,"Plan 1400",20*12/52,"Plan 1200",15*12/52,"Plan 1000",2*12/52,"")} -> 5.7692308 | Z6: Plan 1000 Total | AA6: {=SUMPRODUCT(--( (ISNUMBER(SEARCH("Plan 1000",C2:C9999))+ ISNUMBER(SEARCH("Plan 1000",I2:I9999))+ ISNUMBER(SEARCH("Plan 1000",O2:O9999))+ ISNUMBER(SEARCH("Plan 1000",U2:U9999)))>0 ))} -> 1 | AB6: =AA6*15 -> 15 | AC6: =AA6*15 -> 15
D7: =SUM(D2:D6) -> 14.192308 | E7: =SUM(E2:E6) -> 95.307692 | F7: =SUM(F2:F6) -> 23.538462 | J7: =SUM(J2:J6) -> 14.192308 | K7: =SUM(K2:K6) -> 95.307692 | L7: =SUM(L2:L6) -> 23.538462 | P7: =SUM(P2:P6) -> 17.307692 | Q7: =SUM(Q2:Q6) -> 111.92308 | R7: =SUM(R2:R6) -> 28.846154 | V7: =SUM(V2:V6) -> 17.307692 | W7: =SUM(W2:W6) -> 111.92308 | X7: =SUM(X2:X6) -> 28.846154 | Z7: Other Plans Total | AA7: {=SUMPRODUCT(--( (ISNUMBER(SEARCH("Plan 1000",C2:C9999))+ISNUMBER(SEARCH("Plan 1000",I2:I9999))+ISNUMBER(SEARCH("Plan 1000",O2:O9999))+ISNUMBER(SEARCH("Plan 1000",U2:U9999))=0)* (ISNUMBER(SEARCH("Plan 1200",C2:C9999))+ISNUMBER(SEARCH("Plan 1400",C2:C9999))+ISNUMBER(SEARCH("Plan 1600",C2:C9999))>0)* (ISNUMBER(SEARCH("Plan 1200",I2:I9999))+ISNUMBER(SEARCH("Plan 1400",I2:I9999))+ISNUMBER(SEARCH("Plan 1600",I2:I9999))>0)* (ISNUMBER(SEARCH("Plan 1200",O2:O9999))+ISNUMBER(SEARCH("Plan 1400",O2:O9999))+ISNUMBER(SEARCH("Plan 1600",O2:O9999))>0)* (ISNUMBER(SEARCH("Plan 1200",U2:U9999))+ISNUMBER(SEARCH("Plan 1400",U2:U9999))+ISNUMBER(SEARCH("Plan 1600",U2:U9999))>0) ))} -> 4 | AB7: =AA7*35 -> 140 | AC7: =AA7*35 -> 140
Z8: Total | AB8: =SUM(AB6:AB7) -> 155 | AC8: =SUM(AC6:AC7) -> 155 | AD8: =SUM(AB8:AC8) -> 310

Sheet Unpaid
A1: Number | B1: PPC125
A2: 692-79-1564 | B2: =VLOOKUP(A2,'W1'!A:B,2,FALSE) -> -369.23 | C2: {=_xlfn.IFS( B2=-369.23,"Plan 1600", B2=-323.08,"Plan 1400", B2=-276.92,"Plan 1200", B2=-230.77,"Plan 1000" )} -> Plan 1600 | D2: {=_xlfn.SWITCH($C2,"Plan 1600",15*12/52,"Plan 1400",10*12/52,"Plan 1200",5*12/52,"Plan 1000",1.5*12/52,"")} -> 3.4615385 | E2: {=_xlfn.SWITCH($C2,"Plan 1600",97*12/52,"Plan 1400",78*12/52,"Plan 1200",60*12/52,"Plan 1000",25*12/52,"")} -> 22.384615 | F2: {=_xlfn.SWITCH($C2,"Plan 1600",25*12/52,"Plan 1400",20*12/52,"Plan 1200",15*12/52,"Plan 1000",2*12/52,"")} -> 5.7692308 | H2: =VLOOKUP(A2,'W2'!A:B,2,FALSE) -> 0 | I2: {=_xlfn.IFS( H2=-369.23,"Plan 1600", H2=-323.08,"Plan 1400", H2=-276.92,"Plan 1200", H2=-230.77,"Plan 1000" )} -> #N/A | J2: {=_xlfn.SWITCH($I2,"Plan 1600",15*12/52,"Plan 1400",10*12/52,"Plan 1200",5*12/52,"Plan 1000",1.5*12/52,"")} -> #N/A | K2: {=_xlfn.SWITCH($I2,"Plan 1600",97*12/52,"Plan 1400",78*12/52,"Plan 1200",60*12/52,"Plan 1000",25*12/52,"")} -> #N/A | L2: {=_xlfn.SWITCH($I2,"Plan 1600",25*12/52,"Plan 1400",20*12/52,"Plan 1200",15*12/52,"Plan 1000",2*12/52,"")} -> #N/A | N2: =VLOOKUP(A2,'W3'!A:B,2,FALSE) -> #N/A | O2: {=_xlfn.IFS( N2=-369.23,"Plan 1600", N2=-323.08,"Plan 1400", N2=-276.92,"Plan 1200", N2=-230.77,"Plan 1000" )} -> #N/A | P2: {=_xlfn.SWITCH($O2,"Plan 1600",15*12/52,"Plan 1400",10*12/52,"Plan 1200",5*12/52,"Plan 1000",1.5*12/52,"")} -> #N/A | Q2: {=_xlfn.SWITCH($O2,"Plan 1600",97*12/52,"Plan 1400",78*12/52,"Plan 1200",60*12/52,"Plan 1000",25*12/52,"")} -> #N/A | R2: {=_xlfn.SWITCH($O2,"Plan 1600",25*12/52,"Plan 1400",20*12/52,"Plan 1200",15*12/52,"Plan 1000",2*12/52,"")} -> #N/A | T2: =VLOOKUP(A2,'W4'!A:B,2,FALSE) -> 0 | U2: {=_xlfn.IFS( T2=-369.23,"Plan 1600", T2=-323.08,"Plan 1400", T2=-276.92,"Plan 1200", T2=-230.77,"Plan 1000" )} -> #N/A | V2: {=_xlfn.SWITCH($U2,"Plan 1600",15*12/52,"Plan 1400",10*12/52,"Plan 1200",5*12/52,"Plan 1000",1.5*12/52,"")} -> #N/A | W2: {=_xlfn.SWITCH($U2,"Plan 1600",97*12/52,"Plan 1400",78*12/52,"Plan 1200",60*12/52,"Plan 1000",25*12/52,"")} -> #N/A | X2: {=_xlfn.SWITCH($U2,"Plan 1600",25*12/52,"Plan 1400",20*12/52,"Plan 1200",15*12/52,"Plan 1000",2*12/52,"")} -> #N/A

Sheet W1
A1: Tax ID (SSN) | B1: 125 - PPC 125_PPC1
A2: 116-90-8923 | B2: -230.77 | D2: -1
A3: 109-88-8332 | B3: -369.23
A4: 879-36-0268 | B4: -369.23
A5: 095-76-8367 | B5: -369.23
A6: 080-92-8181 | B6: -369.23
A7: 692-79-1564 | B7: -369.23

Sheet W2
A1: Tax ID (SSN) | B1: 125 - PPC 125_PPC1
A2: 116-90-8923 | B2: -230.77
A3: 109-88-8332 | B3: -369.23
A4: 879-36-0268 | B4: -369.23
A5: 095-76-8367 | B5: -369.23
A6: 080-92-8181 | B6: -369.23
A7: 692-79-1564 | B7: 0

Sheet W3
A1: Number | B1: PPC125
A2: 116-90-8923 | B2: -369.23
A3: 109-88-8332 | B3: -369.23
A4: 879-36-0268 | B4: -369.23
A5: 095-76-8367 | B5: -369.23
A6: 080-92-8181 | B6: -369.23

Sheet W4
A1: Tax ID (SSN) | B1: 125 - PPC 125_PPC1
A2: 116-90-8923 | B2: -369.23
A3: 109-88-8332 | B3: -369.23
A4: 879-36-0268 | B4: -369.23
A5: 095-76-8367 | B5: -369.23
A6: 080-92-8181 | B6: -369.23
A7: 692-79-1564 | B7: 0
